"Route","Year","Shannon","Lati","Longi","o$GEOID","o$NAME"
1,2000,2.92680682965127,41.5501237,-84.3898389,"39171","Williams"
1,2004,2.80816348187691,41.5501237,-84.3898389,"39171","Williams"
1,2010,2.92652606238648,41.5501237,-84.3898389,"39171","Williams"
1,2009,2.89092808728545,41.5501237,-84.3898389,"39171","Williams"
1,2007,2.61615012388339,41.5501237,-84.3898389,"39171","Williams"
2,2010,2.42398457277016,41.3867557,-84.1216579,"39069","Henry"
2,2000,3.00009480914162,41.3867557,-84.1216579,"39069","Henry"
2,2011,2.91838043209609,41.3867557,-84.1216579,"39069","Henry"
2,2012,3.00633195496424,41.3867557,-84.1216579,"39069","Henry"
2,2001,2.93352812975769,41.3867557,-84.1216579,"39069","Henry"
2,2006,2.64746096881326,41.3867557,-84.1216579,"39069","Henry"
2,2007,2.46858362164211,41.3867557,-84.1216579,"39069","Henry"
2,2008,2.43747186007228,41.3867557,-84.1216579,"39069","Henry"
2,2003,2.90208400534123,41.3867557,-84.1216579,"39069","Henry"
2,2009,2.16115937956556,41.3867557,-84.1216579,"39069","Henry"
2,2005,2.75023954793857,41.3867557,-84.1216579,"39069","Henry"
2,2002,2.94520317259624,41.3867557,-84.1216579,"39069","Henry"
2,2004,2.62501631144902,41.3867557,-84.1216579,"39069","Henry"
3,2012,3.12574526790292,41.6511517,-84.5147859,"39171","Williams"
3,2001,2.96002470461861,41.6511517,-84.5147859,"39171","Williams"
3,2011,2.98248737823477,41.6511517,-84.5147859,"39171","Williams"
3,2007,3.14059242609006,41.6511517,-84.5147859,"39171","Williams"
3,2008,3.00189996171087,41.6511517,-84.5147859,"39171","Williams"
3,2009,2.95054511718665,41.6511517,-84.5147859,"39171","Williams"
3,2005,2.71557701253034,41.6511517,-84.5147859,"39171","Williams"
3,2000,3.12915258898686,41.6511517,-84.5147859,"39171","Williams"
3,2013,3.06437597950669,41.6511517,-84.5147859,"39171","Williams"
3,2003,2.74511111520052,41.6511517,-84.5147859,"39171","Williams"
3,2006,2.84762786960077,41.6511517,-84.5147859,"39171","Williams"
3,2002,2.94612624685556,41.6511517,-84.5147859,"39171","Williams"
3,2004,2.81468050884194,41.6511517,-84.5147859,"39171","Williams"
3,2010,3.21550116528075,41.6511517,-84.5147859,"39171","Williams"
5,2012,3.47995028858644,41.0376017,-82.9962929,"39147","Seneca"
5,2001,3.40929722342696,41.0376017,-82.9962929,"39147","Seneca"
5,2011,3.47249062365271,41.0376017,-82.9962929,"39147","Seneca"
5,2007,3.52660814154704,41.0376017,-82.9962929,"39147","Seneca"
5,2009,3.32942498219866,41.0376017,-82.9962929,"39147","Seneca"
5,2010,3.4173895374078,41.0376017,-82.9962929,"39147","Seneca"
5,2006,3.43161162874842,41.0376017,-82.9962929,"39147","Seneca"
5,2000,3.39128876979549,41.0376017,-82.9962929,"39147","Seneca"
5,2008,3.45730203904941,41.0376017,-82.9962929,"39147","Seneca"
5,2003,3.45287159970582,41.0376017,-82.9962929,"39147","Seneca"
5,2002,3.47537531395526,41.0376017,-82.9962929,"39147","Seneca"
5,2005,3.3746927492432,41.0376017,-82.9962929,"39147","Seneca"
5,2004,3.38151977273728,41.0376017,-82.9962929,"39147","Seneca"
5,2013,3.55883452639482,41.0376017,-82.9962929,"39147","Seneca"
6,2001,2.84292343965387,41.4427171,-83.087075,"39143","Sandusky"
6,2009,2.44916863677917,41.4427171,-83.087075,"39143","Sandusky"
6,2010,2.94148595790915,41.4427171,-83.087075,"39143","Sandusky"
6,2002,2.95909203809114,41.4427171,-83.087075,"39143","Sandusky"
6,2003,2.74624441830475,41.4427171,-83.087075,"39143","Sandusky"
6,2006,2.76387273835039,41.4427171,-83.087075,"39143","Sandusky"
6,2012,3.00870162014682,41.4427171,-83.087075,"39143","Sandusky"
6,2008,2.81779452248254,41.4427171,-83.087075,"39143","Sandusky"
6,2013,3.01142563420859,41.4427171,-83.087075,"39143","Sandusky"
6,2000,2.68210835971767,41.4427171,-83.087075,"39143","Sandusky"
6,2011,2.85193159934183,41.4427171,-83.087075,"39143","Sandusky"
6,2007,2.89563116565369,41.4427171,-83.087075,"39143","Sandusky"
8,2010,2.60298671337253,41.1974257,-83.7075339,"39173","Wood"
8,2009,2.57841311049302,41.1974257,-83.7075339,"39173","Wood"
8,2013,2.64029771769993,41.1974257,-83.7075339,"39173","Wood"
8,2008,2.79572640624489,41.1974257,-83.7075339,"39173","Wood"
8,2000,2.98001682910507,41.1974257,-83.7075339,"39173","Wood"
8,2012,2.76021369620349,41.1974257,-83.7075339,"39173","Wood"
8,2011,2.68253930856427,41.1974257,-83.7075339,"39173","Wood"
11,2001,3.25645549382909,41.2506217,-82.2354939,"39093","Lorain"
11,2003,3.37520542628838,41.2506217,-82.2354939,"39093","Lorain"
11,2011,3.38774901121919,41.2506217,-82.2354939,"39093","Lorain"
11,2010,3.56804391512389,41.2506217,-82.2354939,"39093","Lorain"
11,2000,3.31869369316764,41.2506217,-82.2354939,"39093","Lorain"
11,2006,3.46234340764615,41.2506217,-82.2354939,"39093","Lorain"
11,2007,3.41009327517403,41.2506217,-82.2354939,"39093","Lorain"
11,2009,3.49187632150354,41.2506217,-82.2354939,"39093","Lorain"
11,2012,3.60780609297755,41.2506217,-82.2354939,"39093","Lorain"
11,2013,3.44630647330726,41.2506217,-82.2354939,"39093","Lorain"
11,2002,3.3897143313402,41.2506217,-82.2354939,"39093","Lorain"
11,2004,3.33274415305377,41.2506217,-82.2354939,"39093","Lorain"
11,2008,3.41456460629231,41.2506217,-82.2354939,"39093","Lorain"
11,2005,3.37736237285158,41.2506217,-82.2354939,"39093","Lorain"
15,2010,3.26053749063187,41.1788496,-81.002582,"39155","Trumbull"
15,2003,3.18069613382926,41.1788496,-81.002582,"39155","Trumbull"
15,2006,3.26089763429775,41.1788496,-81.002582,"39155","Trumbull"
15,2009,3.10377478857465,41.1788496,-81.002582,"39155","Trumbull"
15,2000,3.3198648944953,41.1788496,-81.002582,"39155","Trumbull"
15,2007,3.34255215109803,41.1788496,-81.002582,"39155","Trumbull"
15,2011,3.22437871169508,41.1788496,-81.002582,"39155","Trumbull"
15,2004,3.3262410342132,41.1788496,-81.002582,"39155","Trumbull"
15,2012,3.06492501701672,41.1788496,-81.002582,"39155","Trumbull"
15,2013,2.95187517722994,41.1788496,-81.002582,"39155","Trumbull"
15,2001,3.38570273771955,41.1788496,-81.002582,"39155","Trumbull"
15,2005,3.22095934406403,41.1788496,-81.002582,"39155","Trumbull"
15,2008,3.29202606000986,41.1788496,-81.002582,"39155","Trumbull"
15,2002,3.11902684174139,41.1788496,-81.002582,"39155","Trumbull"
17,2005,3.30104330493404,41.4687714,-81.0750897,"39055","Geauga"
17,2010,3.08370584858291,41.4687714,-81.0750897,"39055","Geauga"
17,2006,3.28962275196708,41.4687714,-81.0750897,"39055","Geauga"
17,2012,3.14424567110141,41.4687714,-81.0750897,"39055","Geauga"
17,2003,3.08231575931682,41.4687714,-81.0750897,"39055","Geauga"
17,2009,3.22331527049,41.4687714,-81.0750897,"39055","Geauga"
17,2011,3.20928361165221,41.4687714,-81.0750897,"39055","Geauga"
17,2013,3.0962636085985,41.4687714,-81.0750897,"39055","Geauga"
17,2004,3.07337287085123,41.4687714,-81.0750897,"39055","Geauga"
17,2008,3.25929561206617,41.4687714,-81.0750897,"39055","Geauga"
17,2007,3.09257936600781,41.4687714,-81.0750897,"39055","Geauga"
21,2013,3.4929684528266,41.6803821,-80.7420743,"39007","Ashtabula"
21,2011,3.5359788436925,41.6803821,-80.7420743,"39007","Ashtabula"
21,2010,3.46468289639654,41.6803821,-80.7420743,"39007","Ashtabula"
21,2000,3.47337472181558,41.6803821,-80.7420743,"39007","Ashtabula"
21,2006,3.55856837234522,41.6803821,-80.7420743,"39007","Ashtabula"
21,2003,3.50532249639119,41.6803821,-80.7420743,"39007","Ashtabula"
21,2009,3.55125727269212,41.6803821,-80.7420743,"39007","Ashtabula"
21,2012,3.48101357044563,41.6803821,-80.7420743,"39007","Ashtabula"
21,2005,3.50005533171847,41.6803821,-80.7420743,"39007","Ashtabula"
21,2007,3.44627648822534,41.6803821,-80.7420743,"39007","Ashtabula"
21,2004,3.55076891413871,41.6803821,-80.7420743,"39007","Ashtabula"
21,2001,3.50083201685892,41.6803821,-80.7420743,"39007","Ashtabula"
21,2008,3.46844570820272,41.6803821,-80.7420743,"39007","Ashtabula"
21,2002,3.39683140348019,41.6803821,-80.7420743,"39007","Ashtabula"
22,2000,3.25397256371604,41.3710349,-80.9900079,"39155","Trumbull"
22,2010,3.07741582559403,41.3710349,-80.9900079,"39155","Trumbull"
22,2004,3.06149384774927,41.3710349,-80.9900079,"39155","Trumbull"
22,2012,3.16028050520197,41.3710349,-80.9900079,"39155","Trumbull"
22,2001,3.38578858752153,41.3710349,-80.9900079,"39155","Trumbull"
22,2003,3.17891442863611,41.3710349,-80.9900079,"39155","Trumbull"
22,2002,3.13205661414931,41.3710349,-80.9900079,"39155","Trumbull"
22,2005,3.09346319085859,41.3710349,-80.9900079,"39155","Trumbull"
22,2013,3.11908534020837,41.3710349,-80.9900079,"39155","Trumbull"
22,2006,3.13031412953576,41.3710349,-80.9900079,"39155","Trumbull"
22,2011,3.19677145249835,41.3710349,-80.9900079,"39155","Trumbull"
22,2007,3.22330044303682,41.3710349,-80.9900079,"39155","Trumbull"
24,2001,2.98731479377432,40.4824537,-84.1838359,"39011","Auglaize"
24,2005,2.95343087876123,40.4824537,-84.1838359,"39011","Auglaize"
24,2000,3.02925626750901,40.4824537,-84.1838359,"39011","Auglaize"
24,2010,2.9942597150419,40.4824537,-84.1838359,"39011","Auglaize"
24,2003,2.70723629494492,40.4824537,-84.1838359,"39011","Auglaize"
24,2013,3.05522710330282,40.4824537,-84.1838359,"39011","Auglaize"
24,2012,3.14340042418377,40.4824537,-84.1838359,"39011","Auglaize"
24,2004,3.04820966662756,40.4824537,-84.1838359,"39011","Auglaize"
24,2011,3.03789423975962,40.4824537,-84.1838359,"39011","Auglaize"
24,2002,3.18710879783522,40.4824537,-84.1838359,"39011","Auglaize"
25,2012,2.96310470102102,40.9809757,-84.1972889,"39137","Putnam"
25,2013,2.87861978170606,40.9809757,-84.1972889,"39137","Putnam"
25,2001,2.66864811571582,40.9809757,-84.1972889,"39137","Putnam"
25,2009,2.45726012885773,40.9809757,-84.1972889,"39137","Putnam"
25,2010,2.84843990114702,40.9809757,-84.1972889,"39137","Putnam"
25,2005,2.55144287138902,40.9809757,-84.1972889,"39137","Putnam"
25,2007,2.57600552201095,40.9809757,-84.1972889,"39137","Putnam"
25,2000,2.63281196284251,40.9809757,-84.1972889,"39137","Putnam"
25,2011,3.07636174128415,40.9809757,-84.1972889,"39137","Putnam"
25,2003,2.45936554460218,40.9809757,-84.1972889,"39137","Putnam"
25,2006,2.50940982904476,40.9809757,-84.1972889,"39137","Putnam"
25,2004,2.51782425248434,40.9809757,-84.1972889,"39137","Putnam"
25,2002,2.6260952177832,40.9809757,-84.1972889,"39137","Putnam"
25,2008,2.49950648382475,40.9809757,-84.1972889,"39137","Putnam"
27,2012,3.04357982366404,40.2671711,-84.7793129,"39037","Darke"
27,2002,2.70847264579097,40.2671711,-84.7793129,"39037","Darke"
27,2010,2.57505859431228,40.2671711,-84.7793129,"39037","Darke"
27,2001,2.61237691426377,40.2671711,-84.7793129,"39037","Darke"
31,2009,3.44298706858371,40.1540697,-83.7262559,"39021","Champaign"
31,2013,3.19107000561911,40.1540697,-83.7262559,"39021","Champaign"
31,2003,3.34023026398,40.1540697,-83.7262559,"39021","Champaign"
31,2002,3.34673618717667,40.1540697,-83.7262559,"39021","Champaign"
31,2011,3.05366351919838,40.1540697,-83.7262559,"39021","Champaign"
31,2012,3.26610216984957,40.1540697,-83.7262559,"39021","Champaign"
31,2001,3.32275790814189,40.1540697,-83.7262559,"39021","Champaign"
31,2007,2.71570446838019,40.1540697,-83.7262559,"39021","Champaign"
32,2000,3.13550203060738,40.6744266,-83.6735259,"39065","Hardin"
32,2013,2.9118226091048,40.6744266,-83.6735259,"39065","Hardin"
32,2003,2.8798842330036,40.6744266,-83.6735259,"39065","Hardin"
32,2002,3.07442179000239,40.6744266,-83.6735259,"39065","Hardin"
32,2001,3.13791898356248,40.6744266,-83.6735259,"39065","Hardin"
32,2004,2.98294439431869,40.6744266,-83.6735259,"39065","Hardin"
33,2005,2.80596011280103,40.7097397,-83.5725179,"39065","Hardin"
33,2000,3.00932927668447,40.7097397,-83.5725179,"39065","Hardin"
33,2010,2.98171275337147,40.7097397,-83.5725179,"39065","Hardin"
33,2013,3.16656333374031,40.7097397,-83.5725179,"39065","Hardin"
33,2006,2.76962664519076,40.7097397,-83.5725179,"39065","Hardin"
33,2007,3.04672006806788,40.7097397,-83.5725179,"39065","Hardin"
33,2003,2.81421883137473,40.7097397,-83.5725179,"39065","Hardin"
33,2001,3.10924803655934,40.7097397,-83.5725179,"39065","Hardin"
34,2003,3.37946823658027,40.5642137,-83.0386289,"39101","Marion"
34,2002,3.29048976842751,40.5642137,-83.0386289,"39101","Marion"
34,2007,3.0565810841074,40.5642137,-83.0386289,"39101","Marion"
34,2006,3.02319499440866,40.5642137,-83.0386289,"39101","Marion"
34,2009,2.80847156112147,40.5642137,-83.0386289,"39101","Marion"
34,2010,2.81299159474795,40.5642137,-83.0386289,"39101","Marion"
34,2005,3.13900385465475,40.5642137,-83.0386289,"39101","Marion"
35,2012,2.70435897310305,40.246894,-83.2978987,"39159","Union"
35,2007,2.94830460004836,40.246894,-83.2978987,"39159","Union"
35,2009,2.87094135683386,40.246894,-83.2978987,"39159","Union"
35,2010,2.73931006175418,40.246894,-83.2978987,"39159","Union"
35,2000,2.46828630814484,40.246894,-83.2978987,"39159","Union"
35,2005,2.36030114481389,40.246894,-83.2978987,"39159","Union"
35,2011,2.62916570322509,40.246894,-83.2978987,"39159","Union"
35,2001,2.99755421036449,40.246894,-83.2978987,"39159","Union"
35,2013,2.44596584639619,40.246894,-83.2978987,"39159","Union"
35,2008,3.17678196441915,40.246894,-83.2978987,"39159","Union"
35,2006,3.00237390383546,40.246894,-83.2978987,"39159","Union"
35,2003,2.59321096219443,40.246894,-83.2978987,"39159","Union"
39,2012,3.23847649576133,40.4606653,-82.6249903,"39083","Knox"
39,2000,3.33906361294837,40.4606653,-82.6249903,"39083","Knox"
39,2002,3.37287146024472,40.4606653,-82.6249903,"39083","Knox"
39,2006,3.24627129060741,40.4606653,-82.6249903,"39083","Knox"
39,2008,3.24840902670126,40.4606653,-82.6249903,"39083","Knox"
39,2013,3.27706789524821,40.4606653,-82.6249903,"39083","Knox"
39,2004,3.32677751685157,40.4606653,-82.6249903,"39083","Knox"
39,2011,3.29221551344274,40.4606653,-82.6249903,"39083","Knox"
39,2001,3.27016058529027,40.4606653,-82.6249903,"39083","Knox"
39,2005,3.22193988222965,40.4606653,-82.6249903,"39083","Knox"
39,2010,3.32674879566395,40.4606653,-82.6249903,"39083","Knox"
39,2009,3.27468460456902,40.4606653,-82.6249903,"39083","Knox"
39,2003,3.17981915150347,40.4606653,-82.6249903,"39083","Knox"
40,2000,3.28173274961014,40.8786396,-82.1083506,"39169","Wayne"
40,2011,3.09066342527843,40.8786396,-82.1083506,"39169","Wayne"
40,2012,3.1895667718164,40.8786396,-82.1083506,"39169","Wayne"
40,2013,3.25441099710721,40.8786396,-82.1083506,"39169","Wayne"
40,2010,3.19686225322857,40.8786396,-82.1083506,"39169","Wayne"
40,2001,3.21310275977112,40.8786396,-82.1083506,"39169","Wayne"
40,2008,3.35134908812208,40.8786396,-82.1083506,"39169","Wayne"
40,2005,2.94982040473506,40.8786396,-82.1083506,"39169","Wayne"
40,2003,3.07842999637292,40.8786396,-82.1083506,"39169","Wayne"
40,2002,2.85117128362333,40.8786396,-82.1083506,"39169","Wayne"
40,2007,3.27482424986222,40.8786396,-82.1083506,"39169","Wayne"
40,2006,3.05241409405695,40.8786396,-82.1083506,"39169","Wayne"
40,2009,3.07480471336694,40.8786396,-82.1083506,"39169","Wayne"
42,2003,3.14234931401884,40.4600977,-82.7639629,"39117","Morrow"
42,2013,3.36360003264518,40.4600977,-82.7639629,"39117","Morrow"
42,2004,3.00548206164806,40.4600977,-82.7639629,"39117","Morrow"
42,2000,3.20292134860091,40.4600977,-82.7639629,"39117","Morrow"
42,2009,3.07879754224872,40.4600977,-82.7639629,"39117","Morrow"
42,2011,3.40927257652198,40.4600977,-82.7639629,"39117","Morrow"
42,2006,2.9502352856346,40.4600977,-82.7639629,"39117","Morrow"
42,2001,3.10901016093042,40.4600977,-82.7639629,"39117","Morrow"
42,2012,3.37476445036576,40.4600977,-82.7639629,"39117","Morrow"
42,2008,3.02589492422466,40.4600977,-82.7639629,"39117","Morrow"
42,2007,3.08513727806061,40.4600977,-82.7639629,"39117","Morrow"
42,2010,2.87600691002453,40.4600977,-82.7639629,"39117","Morrow"
42,2005,2.94068092696538,40.4600977,-82.7639629,"39117","Morrow"
42,2002,3.16597883091836,40.4600977,-82.7639629,"39117","Morrow"
43,2005,3.152610752963,39.9930387,-82.0294509,"39119","Muskingum"
43,2013,3.51590677579499,39.9930387,-82.0294509,"39119","Muskingum"
43,2001,3.57129674172573,39.9930387,-82.0294509,"39119","Muskingum"
43,2007,3.34996959637099,39.9930387,-82.0294509,"39119","Muskingum"
43,2012,3.32525867789268,39.9930387,-82.0294509,"39119","Muskingum"
43,2003,3.22702077774231,39.9930387,-82.0294509,"39119","Muskingum"
43,2000,3.64806904916956,39.9930387,-82.0294509,"39119","Muskingum"
46,2009,3.59589920498467,40.6059796,-81.1683844,"39019","Carroll"
46,2003,3.49245165311698,40.6059796,-81.1683844,"39019","Carroll"
46,2010,3.61682762646129,40.6059796,-81.1683844,"39019","Carroll"
46,2008,3.68106046389851,40.6059796,-81.1683844,"39019","Carroll"
46,2007,3.49783782052528,40.6059796,-81.1683844,"39019","Carroll"
46,2013,3.20175045040381,40.6059796,-81.1683844,"39019","Carroll"
46,2006,3.59587469602597,40.6059796,-81.1683844,"39019","Carroll"
46,2004,3.33180585205303,40.6059796,-81.1683844,"39019","Carroll"
46,2011,3.59626127639673,40.6059796,-81.1683844,"39019","Carroll"
46,2005,3.62200289319263,40.6059796,-81.1683844,"39019","Carroll"
47,2012,2.89104597654755,40.6455357,-81.8418429,"39075","Holmes"
47,2005,3.37027217040802,40.6455357,-81.8418429,"39075","Holmes"
47,2003,2.86740937699689,40.6455357,-81.8418429,"39075","Holmes"
47,2001,3.19953088633266,40.6455357,-81.8418429,"39075","Holmes"
47,2010,3.07880343188376,40.6455357,-81.8418429,"39075","Holmes"
47,2000,3.17948104273569,40.6455357,-81.8418429,"39075","Holmes"
49,2011,3.80384327730438,40.1062833,-81.8999167,"39119","Muskingum"
49,2009,3.86474907904131,40.1062833,-81.8999167,"39119","Muskingum"
49,2006,3.94219567200292,40.1062833,-81.8999167,"39119","Muskingum"
49,2005,3.85243199318953,40.1062833,-81.8999167,"39119","Muskingum"
49,2004,3.8151427845652,40.1062833,-81.8999167,"39119","Muskingum"
49,2003,3.82701105447821,40.1062833,-81.8999167,"39119","Muskingum"
49,2010,3.90005688682929,40.1062833,-81.8999167,"39119","Muskingum"
49,2000,3.79045883898513,40.1062833,-81.8999167,"39119","Muskingum"
49,2012,3.83097249000622,40.1062833,-81.8999167,"39119","Muskingum"
49,2008,3.85106548393717,40.1062833,-81.8999167,"39119","Muskingum"
49,2007,3.85660018637238,40.1062833,-81.8999167,"39119","Muskingum"
49,2013,3.8152096511831,40.1062833,-81.8999167,"39119","Muskingum"
49,2001,3.89738719901415,40.1062833,-81.8999167,"39119","Muskingum"
56,2003,3.12937779276725,40.2788528,-80.7678799,"39081","Jefferson"
56,2013,3.27715690986073,40.2788528,-80.7678799,"39081","Jefferson"
56,2002,2.98215202121185,40.2788528,-80.7678799,"39081","Jefferson"
56,2001,3.46146723659938,40.2788528,-80.7678799,"39081","Jefferson"
56,2004,3.43701323708232,40.2788528,-80.7678799,"39081","Jefferson"
56,2000,3.28874635486489,40.2788528,-80.7678799,"39081","Jefferson"
56,2006,3.31835691013657,40.2788528,-80.7678799,"39081","Jefferson"
56,2012,3.30620418331823,40.2788528,-80.7678799,"39081","Jefferson"
58,2003,3.09652902182069,39.6578707,-84.3980039,"39113","Montgomery"
58,2009,3.49698018318551,39.6578707,-84.3980039,"39113","Montgomery"
58,2008,3.49492215438627,39.6578707,-84.3980039,"39113","Montgomery"
58,2004,3.31858103884123,39.6578707,-84.3980039,"39113","Montgomery"
58,2005,3.35752093134312,39.6578707,-84.3980039,"39113","Montgomery"
58,2010,3.33058850601367,39.6578707,-84.3980039,"39113","Montgomery"
58,2007,3.5160200545157,39.6578707,-84.3980039,"39113","Montgomery"
58,2001,3.54351430632666,39.6578707,-84.3980039,"39113","Montgomery"
58,2012,3.46500731184964,39.6578707,-84.3980039,"39113","Montgomery"
58,2000,3.35611599976092,39.6578707,-84.3980039,"39113","Montgomery"
60,2003,2.86936915246861,39.493375,-84.6652972,"39017","Butler"
60,2011,3.04449838101453,39.493375,-84.6652972,"39017","Butler"
60,2008,3.05885594082793,39.493375,-84.6652972,"39017","Butler"
60,2001,2.98754761696797,39.493375,-84.6652972,"39017","Butler"
60,2009,2.69012707327219,39.493375,-84.6652972,"39017","Butler"
60,2000,2.7985137637009,39.493375,-84.6652972,"39017","Butler"
60,2004,2.94914066820254,39.493375,-84.6652972,"39017","Butler"
60,2010,3.11273674134421,39.493375,-84.6652972,"39017","Butler"
64,2012,2.87961800566219,39.3611652,-83.8637013,"39027","Clinton"
64,2010,2.81545530131051,39.3611652,-83.8637013,"39027","Clinton"
64,2000,3.27514338921629,39.3611652,-83.8637013,"39027","Clinton"
64,2003,3.14053706255805,39.3611652,-83.8637013,"39027","Clinton"
64,2008,2.97758756866928,39.3611652,-83.8637013,"39027","Clinton"
64,2009,2.99117812006799,39.3611652,-83.8637013,"39027","Clinton"
64,2007,2.88912327663796,39.3611652,-83.8637013,"39027","Clinton"
64,2004,3.01294235997605,39.3611652,-83.8637013,"39027","Clinton"
64,2005,2.91553070993141,39.3611652,-83.8637013,"39027","Clinton"
64,2011,2.93992563058758,39.3611652,-83.8637013,"39027","Clinton"
64,2002,2.97789766780355,39.3611652,-83.8637013,"39027","Clinton"
64,2006,3.03162810768308,39.3611652,-83.8637013,"39027","Clinton"
64,2001,3.26023864861059,39.3611652,-83.8637013,"39027","Clinton"
64,2013,2.82703070829599,39.3611652,-83.8637013,"39027","Clinton"
67,2006,2.32198692102463,39.6821707,-83.8036269,"39057","Greene"
67,2002,2.58965867272452,39.6821707,-83.8036269,"39057","Greene"
67,2007,2.53071013051003,39.6821707,-83.8036269,"39057","Greene"
67,2008,2.47940124057679,39.6821707,-83.8036269,"39057","Greene"
67,2003,2.5652161670175,39.6821707,-83.8036269,"39057","Greene"
67,2001,2.5638637121727,39.6821707,-83.8036269,"39057","Greene"
67,2012,2.65951738308141,39.6821707,-83.8036269,"39057","Greene"
67,2005,2.59617417918669,39.6821707,-83.8036269,"39057","Greene"
67,2009,2.63488583685185,39.6821707,-83.8036269,"39057","Greene"
67,2000,2.4930427624203,39.6821707,-83.8036269,"39057","Greene"
67,2010,2.49741429208838,39.6821707,-83.8036269,"39057","Greene"
67,2011,2.80548410309532,39.6821707,-83.8036269,"39057","Greene"
67,2004,2.50150232398244,39.6821707,-83.8036269,"39057","Greene"
72,2005,3.6736114733249,39.1991097,-82.6751939,"39079","Jackson"
72,2013,3.62781264080756,39.1991097,-82.6751939,"39079","Jackson"
72,2004,3.66913236161305,39.1991097,-82.6751939,"39079","Jackson"
72,2009,3.43830791325089,39.1991097,-82.6751939,"39079","Jackson"
72,2007,3.57927217817488,39.1991097,-82.6751939,"39079","Jackson"
72,2003,3.64987073210102,39.1991097,-82.6751939,"39079","Jackson"
72,2010,3.46088076690159,39.1991097,-82.6751939,"39079","Jackson"
72,2002,3.69913016318612,39.1991097,-82.6751939,"39079","Jackson"
72,2011,3.35031877188355,39.1991097,-82.6751939,"39079","Jackson"
72,2012,3.43278720176081,39.1991097,-82.6751939,"39079","Jackson"
72,2006,3.60699444624903,39.1991097,-82.6751939,"39079","Jackson"
72,2008,3.47650671668395,39.1991097,-82.6751939,"39079","Jackson"
73,2010,3.51747527219533,39.3166637,-82.1680389,"39009","Athens"
73,2002,3.6400289941082,39.3166637,-82.1680389,"39009","Athens"
73,2005,3.57267334960919,39.3166637,-82.1680389,"39009","Athens"
73,2012,3.59115249254526,39.3166637,-82.1680389,"39009","Athens"
73,2008,3.40088339654418,39.3166637,-82.1680389,"39009","Athens"
73,2001,3.48641111756251,39.3166637,-82.1680389,"39009","Athens"
73,2009,3.58581521062274,39.3166637,-82.1680389,"39009","Athens"
73,2007,3.56639765974788,39.3166637,-82.1680389,"39009","Athens"
73,2013,3.60563089158454,39.3166637,-82.1680389,"39009","Athens"
73,2006,3.42955667475892,39.3166637,-82.1680389,"39009","Athens"
73,2000,3.69966627473446,39.3166637,-82.1680389,"39009","Athens"
73,2004,3.54728479286968,39.3166637,-82.1680389,"39009","Athens"
73,2011,3.56711940550624,39.3166637,-82.1680389,"39009","Athens"
73,2003,3.43776224002231,39.3166637,-82.1680389,"39009","Athens"
74,2013,3.58950547905585,39.1527143,-82.9107789,"39131","Pike"
74,2000,3.60293457798668,39.1527143,-82.9107789,"39131","Pike"
74,2011,3.66531744775557,39.1527143,-82.9107789,"39131","Pike"
74,2001,3.58533404605023,39.1527143,-82.9107789,"39131","Pike"
74,2007,3.61054057716877,39.1527143,-82.9107789,"39131","Pike"
74,2003,3.55967134087485,39.1527143,-82.9107789,"39131","Pike"
74,2009,3.68219157103077,39.1527143,-82.9107789,"39131","Pike"
74,2006,3.50362349585467,39.1527143,-82.9107789,"39131","Pike"
74,2005,3.49546485507047,39.1527143,-82.9107789,"39131","Pike"
74,2010,3.47343961480208,39.1527143,-82.9107789,"39131","Pike"
74,2004,3.43097458805765,39.1527143,-82.9107789,"39131","Pike"
74,2008,3.5783241912355,39.1527143,-82.9107789,"39131","Pike"
74,2012,3.62327875892912,39.1527143,-82.9107789,"39131","Pike"
75,2003,3.34223997361769,39.9655986,-82.5305735,"39089","Licking"
75,2007,3.17452843319154,39.9655986,-82.5305735,"39089","Licking"
75,2000,2.79319993445846,39.9655986,-82.5305735,"39089","Licking"
75,2010,2.99498455361961,39.9655986,-82.5305735,"39089","Licking"
75,2002,3.15040927541025,39.9655986,-82.5305735,"39089","Licking"
75,2012,3.08559819160068,39.9655986,-82.5305735,"39089","Licking"
75,2011,3.21688418520033,39.9655986,-82.5305735,"39089","Licking"
75,2004,3.00662279147878,39.9655986,-82.5305735,"39089","Licking"
75,2008,3.21956829791653,39.9655986,-82.5305735,"39089","Licking"
75,2006,2.95331933110745,39.9655986,-82.5305735,"39089","Licking"
75,2009,3.17777927989767,39.9655986,-82.5305735,"39089","Licking"
75,2005,3.25338347792894,39.9655986,-82.5305735,"39089","Licking"
75,2013,3.12818141255943,39.9655986,-82.5305735,"39089","Licking"
75,2001,3.26772063661865,39.9655986,-82.5305735,"39089","Licking"
76,2007,3.65967797761588,39.2309737,-82.2853793,"39163","Vinton"
76,2008,3.65470946683117,39.2309737,-82.2853793,"39163","Vinton"
76,2003,3.64072041609762,39.2309737,-82.2853793,"39163","Vinton"
76,2009,3.4489581427265,39.2309737,-82.2853793,"39163","Vinton"
76,2002,3.61516321447008,39.2309737,-82.2853793,"39163","Vinton"
76,2010,3.57294794504707,39.2309737,-82.2853793,"39163","Vinton"
76,2011,3.44445567943647,39.2309737,-82.2853793,"39163","Vinton"
76,2000,3.59760267614867,39.2309737,-82.2853793,"39163","Vinton"
76,2006,3.51903546272021,39.2309737,-82.2853793,"39163","Vinton"
76,2001,3.59025785915729,39.2309737,-82.2853793,"39163","Vinton"
76,2005,3.56050018801272,39.2309737,-82.2853793,"39163","Vinton"
76,2012,3.61961512286241,39.2309737,-82.2853793,"39163","Vinton"
76,2013,3.68832764614564,39.2309737,-82.2853793,"39163","Vinton"
76,2004,3.69971634235879,39.2309737,-82.2853793,"39163","Vinton"
80,2003,3.34335230591237,39.4158977,-81.3554829,"39167","Washington"
80,2012,3.51399132051562,39.4158977,-81.3554829,"39167","Washington"
80,2010,3.36935087864525,39.4158977,-81.3554829,"39167","Washington"
80,2009,3.33941599620731,39.4158977,-81.3554829,"39167","Washington"
80,2005,3.3713099490147,39.4158977,-81.3554829,"39167","Washington"
80,2001,3.34933231173033,39.4158977,-81.3554829,"39167","Washington"
80,2002,3.50665884213707,39.4158977,-81.3554829,"39167","Washington"
80,2000,3.46808788414194,39.4158977,-81.3554829,"39167","Washington"
80,2008,3.44150969513481,39.4158977,-81.3554829,"39167","Washington"
80,2004,3.25599249810527,39.4158977,-81.3554829,"39167","Washington"
80,2013,3.41963485522592,39.4158977,-81.3554829,"39167","Washington"
80,2006,3.44785241147577,39.4158977,-81.3554829,"39167","Washington"
80,2007,3.32506689621805,39.4158977,-81.3554829,"39167","Washington"
80,2011,3.28620377576291,39.4158977,-81.3554829,"39167","Washington"
82,2000,3.65285002330916,39.2701767,-81.8827139,"39009","Athens"
82,2006,3.47224726187318,39.2701767,-81.8827139,"39009","Athens"
82,2009,3.54141241252131,39.2701767,-81.8827139,"39009","Athens"
82,2012,3.6386396028009,39.2701767,-81.8827139,"39009","Athens"
82,2010,3.50681809859083,39.2701767,-81.8827139,"39009","Athens"
82,2011,3.56816994390815,39.2701767,-81.8827139,"39009","Athens"
82,2003,3.34866265200115,39.2701767,-81.8827139,"39009","Athens"
82,2001,3.54794750068435,39.2701767,-81.8827139,"39009","Athens"
82,2005,3.49311277775681,39.2701767,-81.8827139,"39009","Athens"
82,2007,3.40332804687026,39.2701767,-81.8827139,"39009","Athens"
82,2008,3.69470638928112,39.2701767,-81.8827139,"39009","Athens"
82,2004,3.5237674739308,39.2701767,-81.8827139,"39009","Athens"
82,2002,3.557356297897,39.2701767,-81.8827139,"39009","Athens"
83,2006,3.10782634829741,39.8938347,-81.6718899,"39059","Guernsey"
83,2011,2.89123850985133,39.8938347,-81.6718899,"39059","Guernsey"
83,2010,3.19389902637954,39.8938347,-81.6718899,"39059","Guernsey"
83,2005,3.19539650561212,39.8938347,-81.6718899,"39059","Guernsey"
83,2013,3.02120470016744,39.8938347,-81.6718899,"39059","Guernsey"
83,2009,3.18688354959389,39.8938347,-81.6718899,"39059","Guernsey"
83,2002,3.2356231616435,39.8938347,-81.6718899,"39059","Guernsey"
83,2008,3.13602440032796,39.8938347,-81.6718899,"39059","Guernsey"
83,2007,3.08354367844776,39.8938347,-81.6718899,"39059","Guernsey"
83,2001,3.23588060275046,39.8938347,-81.6718899,"39059","Guernsey"
83,2012,3.23334083964786,39.8938347,-81.6718899,"39059","Guernsey"
83,2000,3.19799505324319,39.8938347,-81.6718899,"39059","Guernsey"
85,2001,3.1133996835446,38.9081057,-83.7588579,"39015","Brown"
85,2004,3.26733249676364,38.9081057,-83.7588579,"39015","Brown"
85,2003,2.99516630194826,38.9081057,-83.7588579,"39015","Brown"
85,2008,3.36318088562271,38.9081057,-83.7588579,"39015","Brown"
85,2012,3.38662373933524,38.9081057,-83.7588579,"39015","Brown"
85,2005,3.28269470445319,38.9081057,-83.7588579,"39015","Brown"
85,2002,3.15491096081498,38.9081057,-83.7588579,"39015","Brown"
85,2007,3.46101891804261,38.9081057,-83.7588579,"39015","Brown"
85,2010,3.48808310630216,38.9081057,-83.7588579,"39015","Brown"
85,2009,3.48551410904681,38.9081057,-83.7588579,"39015","Brown"
85,2006,3.4144517258671,38.9081057,-83.7588579,"39015","Brown"
85,2000,3.24461420967287,38.9081057,-83.7588579,"39015","Brown"
86,2010,3.8294659351446,38.6696358,-83.4163514,"39001","Adams"
86,2008,3.68907873813258,38.6696358,-83.4163514,"39001","Adams"
86,2013,3.69686213563252,38.6696358,-83.4163514,"39001","Adams"
86,2005,3.61275297606699,38.6696358,-83.4163514,"39001","Adams"
86,2001,3.46096897556552,38.6696358,-83.4163514,"39001","Adams"
86,2000,3.67280752835339,38.6696358,-83.4163514,"39001","Adams"
86,2002,3.61331963247311,38.6696358,-83.4163514,"39001","Adams"
86,2011,3.80816108257472,38.6696358,-83.4163514,"39001","Adams"
86,2003,3.59974526773269,38.6696358,-83.4163514,"39001","Adams"
86,2007,3.61853771494413,38.6696358,-83.4163514,"39001","Adams"
86,2009,3.52666999436983,38.6696358,-83.4163514,"39001","Adams"
86,2012,3.69575008533678,38.6696358,-83.4163514,"39001","Adams"
86,2006,3.66460166279017,38.6696358,-83.4163514,"39001","Adams"
87,2002,3.09920874110985,38.8817267,-82.7884369,"39145","Scioto"
87,2001,3.19509033129816,38.8817267,-82.7884369,"39145","Scioto"
87,2006,3.34569154516536,38.8817267,-82.7884369,"39145","Scioto"
87,2005,3.42651971564743,38.8817267,-82.7884369,"39145","Scioto"
87,2010,3.3697288697888,38.8817267,-82.7884369,"39145","Scioto"
87,2009,3.5689315264454,38.8817267,-82.7884369,"39145","Scioto"
87,2000,3.35124580016672,38.8817267,-82.7884369,"39145","Scioto"
87,2008,3.21720321363142,38.8817267,-82.7884369,"39145","Scioto"
87,2011,3.42559556934082,38.8817267,-82.7884369,"39145","Scioto"
87,2007,3.547781549348,38.8817267,-82.7884369,"39145","Scioto"
87,2004,3.42445894765244,38.8817267,-82.7884369,"39145","Scioto"
87,2012,3.46633037786235,38.8817267,-82.7884369,"39145","Scioto"
87,2013,3.47693431170027,38.8817267,-82.7884369,"39145","Scioto"
87,2003,3.22175043829653,38.8817267,-82.7884369,"39145","Scioto"
107,2010,2.79837239582091,41.5440972,-83.4580032,"39173","Wood"
107,2001,2.82437706321241,41.5440972,-83.4580032,"39173","Wood"
107,2011,3.03669903554965,41.5440972,-83.4580032,"39173","Wood"
107,2012,2.9647772186331,41.5440972,-83.4580032,"39173","Wood"
107,2008,2.81357092263033,41.5440972,-83.4580032,"39173","Wood"
107,2004,2.7890767005351,41.5440972,-83.4580032,"39173","Wood"
107,2006,2.79904978152559,41.5440972,-83.4580032,"39173","Wood"
107,2013,3.04510110033289,41.5440972,-83.4580032,"39173","Wood"
107,2005,2.77385645994518,41.5440972,-83.4580032,"39173","Wood"
107,2000,2.8732730690373,41.5440972,-83.4580032,"39173","Wood"
107,2009,2.85576244835935,41.5440972,-83.4580032,"39173","Wood"
107,2003,2.78360785114934,41.5440972,-83.4580032,"39173","Wood"
107,2007,2.93002255089816,41.5440972,-83.4580032,"39173","Wood"
107,2002,2.77964531061109,41.5440972,-83.4580032,"39173","Wood"
112,2012,3.1201335406929,41.1609237,-82.6332099,"39077","Huron"
112,2009,3.14791831266848,41.1609237,-82.6332099,"39077","Huron"
112,2005,3.14496343031052,41.1609237,-82.6332099,"39077","Huron"
112,2000,3.17318625411788,41.1609237,-82.6332099,"39077","Huron"
112,2003,3.21814386958348,41.1609237,-82.6332099,"39077","Huron"
112,2010,2.52395818477402,41.1609237,-82.6332099,"39077","Huron"
112,2002,2.89084172140879,41.1609237,-82.6332099,"39077","Huron"
112,2007,3.24605664962404,41.1609237,-82.6332099,"39077","Huron"
112,2001,3.42119440120356,41.1609237,-82.6332099,"39077","Huron"
113,2011,3.06820745086518,41.4083645,-82.8822098,"39143","Sandusky"
113,2009,3.16898078527532,41.4083645,-82.8822098,"39143","Sandusky"
113,2006,2.83517518844016,41.4083645,-82.8822098,"39143","Sandusky"
113,2005,2.8037426050018,41.4083645,-82.8822098,"39143","Sandusky"
113,2012,3.00639309984789,41.4083645,-82.8822098,"39143","Sandusky"
113,2013,2.98337077603082,41.4083645,-82.8822098,"39143","Sandusky"
113,2007,2.75944813221594,41.4083645,-82.8822098,"39143","Sandusky"
113,2002,2.87568295283491,41.4083645,-82.8822098,"39143","Sandusky"
113,2008,3.03507832270475,41.4083645,-82.8822098,"39143","Sandusky"
113,2003,2.9952608261336,41.4083645,-82.8822098,"39143","Sandusky"
113,2004,2.97208685545274,41.4083645,-82.8822098,"39143","Sandusky"
113,2010,3.15935820038318,41.4083645,-82.8822098,"39143","Sandusky"
116,2008,2.90528771706272,41.3256857,-81.0505989,"39133","Portage"
116,2007,3.28385705678942,41.3256857,-81.0505989,"39133","Portage"
116,2011,3.30201550331073,41.3256857,-81.0505989,"39133","Portage"
116,2000,3.14971364628265,41.3256857,-81.0505989,"39133","Portage"
116,2012,3.29403017378456,41.3256857,-81.0505989,"39133","Portage"
116,2010,3.27812669449164,41.3256857,-81.0505989,"39133","Portage"
116,2001,3.36905824853969,41.3256857,-81.0505989,"39133","Portage"
116,2009,3.21936859371711,41.3256857,-81.0505989,"39133","Portage"
116,2013,3.09575040236948,41.3256857,-81.0505989,"39133","Portage"
116,2006,3.39525048036184,41.3256857,-81.0505989,"39133","Portage"
118,2006,3.11255348435774,41.2747817,-81.956725,"39103","Medina"
118,2000,3.18622381204115,41.2747817,-81.956725,"39103","Medina"
118,2001,3.23087088229212,41.2747817,-81.956725,"39103","Medina"
118,2013,2.89572457850943,41.2747817,-81.956725,"39103","Medina"
118,2007,3.04424821874111,41.2747817,-81.956725,"39103","Medina"
118,2012,3.09325279248264,41.2747817,-81.956725,"39103","Medina"
118,2005,3.14346412172483,41.2747817,-81.956725,"39103","Medina"
118,2004,2.88856807012685,41.2747817,-81.956725,"39103","Medina"
118,2003,2.93153378807016,41.2747817,-81.956725,"39103","Medina"
126,2007,2.58524089037356,40.0778757,-84.1360999,"39109","Miami"
126,2009,2.76090770267878,40.0778757,-84.1360999,"39109","Miami"
126,2012,2.88771210087996,40.0778757,-84.1360999,"39109","Miami"
126,2003,2.62253528436745,40.0778757,-84.1360999,"39109","Miami"
126,2010,2.94768716576648,40.0778757,-84.1360999,"39109","Miami"
126,2002,2.98918989203212,40.0778757,-84.1360999,"39109","Miami"
126,2001,3.02197904323301,40.0778757,-84.1360999,"39109","Miami"
126,2000,2.9346233008623,40.0778757,-84.1360999,"39109","Miami"
141,2003,3.14449729270436,40.0945941,-82.8994756,"39049","Franklin"
141,2011,3.24910569545524,40.0945941,-82.8994756,"39049","Franklin"
141,2012,3.31217817289864,40.0945941,-82.8994756,"39049","Franklin"
141,2013,2.86354319209448,40.0945941,-82.8994756,"39049","Franklin"
141,2006,3.19866799470399,40.0945941,-82.8994756,"39049","Franklin"
141,2005,3.22966670517462,40.0945941,-82.8994756,"39049","Franklin"
141,2001,3.21051065566085,40.0945941,-82.8994756,"39049","Franklin"
141,2008,3.33472442989607,40.0945941,-82.8994756,"39049","Franklin"
141,2007,3.11455760699316,40.0945941,-82.8994756,"39049","Franklin"
141,2009,2.90613448735863,40.0945941,-82.8994756,"39049","Franklin"
141,2010,3.06003211911756,40.0945941,-82.8994756,"39049","Franklin"
141,2004,3.08078137595894,40.0945941,-82.8994756,"39049","Franklin"
141,2000,3.23169402978732,40.0945941,-82.8994756,"39049","Franklin"
141,2002,3.06029433966309,40.0945941,-82.8994756,"39049","Franklin"
148,2007,3.46218755006717,40.3076787,-81.5841149,"39157","Tuscarawas"
148,2009,3.58583029660147,40.3076787,-81.5841149,"39157","Tuscarawas"
148,2001,3.43885618910161,40.3076787,-81.5841149,"39157","Tuscarawas"
148,2010,3.70765544165789,40.3076787,-81.5841149,"39157","Tuscarawas"
148,2002,3.16081714822206,40.3076787,-81.5841149,"39157","Tuscarawas"
148,2011,3.6829018046499,40.3076787,-81.5841149,"39157","Tuscarawas"
148,2006,3.57107217466001,40.3076787,-81.5841149,"39157","Tuscarawas"
148,2012,3.66544178203316,40.3076787,-81.5841149,"39157","Tuscarawas"
148,2004,3.36300250566507,40.3076787,-81.5841149,"39157","Tuscarawas"
148,2013,3.38427102123975,40.3076787,-81.5841149,"39157","Tuscarawas"
150,2013,3.01883718029197,40.1037173,-81.4172305,"39059","Guernsey"
150,2009,3.0997063451433,40.1037173,-81.4172305,"39059","Guernsey"
150,2011,3.26317271030214,40.1037173,-81.4172305,"39059","Guernsey"
150,2007,3.29874618388065,40.1037173,-81.4172305,"39059","Guernsey"
150,2010,2.98486552682127,40.1037173,-81.4172305,"39059","Guernsey"
150,2003,3.07061483581319,40.1037173,-81.4172305,"39059","Guernsey"
150,2008,2.92555246739519,40.1037173,-81.4172305,"39059","Guernsey"
150,2012,3.10369223335527,40.1037173,-81.4172305,"39059","Guernsey"
150,2006,3.31635980746124,40.1037173,-81.4172305,"39059","Guernsey"
157,2001,3.55080803017402,40.9118093,-80.5379536,"39099","Mahoning"
157,2006,3.44788271548652,40.9118093,-80.5379536,"39099","Mahoning"
157,2005,3.35432752808497,40.9118093,-80.5379536,"39099","Mahoning"
157,2000,3.61538008835962,40.9118093,-80.5379536,"39099","Mahoning"
157,2003,3.36554749393842,40.9118093,-80.5379536,"39099","Mahoning"
157,2004,3.34143526195274,40.9118093,-80.5379536,"39099","Mahoning"
157,2007,3.48264946728504,40.9118093,-80.5379536,"39099","Mahoning"
157,2010,3.25696849582671,40.9118093,-80.5379536,"39099","Mahoning"
159,2000,3.07590091824706,39.6680438,-84.2514604,"39113","Montgomery"
159,2004,3.39709937659514,39.6680438,-84.2514604,"39113","Montgomery"
159,2008,3.18632039700194,39.6680438,-84.2514604,"39113","Montgomery"
159,2013,2.95652959552154,39.6680438,-84.2514604,"39113","Montgomery"
159,2001,3.10498571301435,39.6680438,-84.2514604,"39113","Montgomery"
161,2010,3.48313345311165,39.4989563,-84.0134234,"39165","Warren"
161,2009,3.37006934926655,39.4989563,-84.0134234,"39165","Warren"
161,2008,3.41774344443267,39.4989563,-84.0134234,"39165","Warren"
161,2003,2.9426864092263,39.4989563,-84.0134234,"39165","Warren"
161,2007,3.45022345091874,39.4989563,-84.0134234,"39165","Warren"
161,2000,3.29178319529646,39.4989563,-84.0134234,"39165","Warren"
161,2006,3.52855966475051,39.4989563,-84.0134234,"39165","Warren"
161,2001,3.2163808983956,39.4989563,-84.0134234,"39165","Warren"
161,2012,3.3941151421066,39.4989563,-84.0134234,"39165","Warren"
161,2005,3.29278498478915,39.4989563,-84.0134234,"39165","Warren"
161,2004,3.34979972011544,39.4989563,-84.0134234,"39165","Warren"
161,2002,3.26193278280528,39.4989563,-84.0134234,"39165","Warren"
165,2008,2.81701839362784,39.5569036,-83.8484908,"39027","Clinton"
165,2010,2.89198753882017,39.5569036,-83.8484908,"39027","Clinton"
165,2003,2.92660087452277,39.5569036,-83.8484908,"39027","Clinton"
165,2004,2.88381364134592,39.5569036,-83.8484908,"39027","Clinton"
165,2013,2.74452362629158,39.5569036,-83.8484908,"39027","Clinton"
165,2001,3.05456459318833,39.5569036,-83.8484908,"39027","Clinton"
165,2006,2.97781803303701,39.5569036,-83.8484908,"39027","Clinton"
165,2009,2.85915864819507,39.5569036,-83.8484908,"39027","Clinton"
165,2000,2.9330587572462,39.5569036,-83.8484908,"39027","Clinton"
165,2005,2.86811843524757,39.5569036,-83.8484908,"39027","Clinton"
165,2012,2.67489278403666,39.5569036,-83.8484908,"39027","Clinton"
165,2007,2.92187736521464,39.5569036,-83.8484908,"39027","Clinton"
165,2002,2.78030007597727,39.5569036,-83.8484908,"39027","Clinton"
165,2011,2.88280399464528,39.5569036,-83.8484908,"39027","Clinton"
166,2003,3.00334845175578,39.8496832,-83.4658472,"39097","Madison"
166,2000,3.145171522474,39.8496832,-83.4658472,"39097","Madison"
166,2011,3.17248393444201,39.8496832,-83.4658472,"39097","Madison"
166,2007,3.20928393565527,39.8496832,-83.4658472,"39097","Madison"
166,2004,3.09911241254684,39.8496832,-83.4658472,"39097","Madison"
166,2008,3.34582534882269,39.8496832,-83.4658472,"39097","Madison"
166,2009,3.09257984223903,39.8496832,-83.4658472,"39097","Madison"
166,2001,3.2021573383249,39.8496832,-83.4658472,"39097","Madison"
166,2006,3.16859631885792,39.8496832,-83.4658472,"39097","Madison"
166,2012,3.20734593305508,39.8496832,-83.4658472,"39097","Madison"
166,2005,3.15004371973578,39.8496832,-83.4658472,"39097","Madison"
166,2002,2.93025849575817,39.8496832,-83.4658472,"39097","Madison"
166,2010,3.22634593822454,39.8496832,-83.4658472,"39097","Madison"
168,2000,3.18036141304028,39.8881087,-83.9166709,"39023","Clark"
168,2002,3.32877852982816,39.8881087,-83.9166709,"39023","Clark"
168,2003,3.20195660686845,39.8881087,-83.9166709,"39023","Clark"
168,2011,3.47382531974915,39.8881087,-83.9166709,"39023","Clark"
168,2009,3.30220763212563,39.8881087,-83.9166709,"39023","Clark"
168,2006,3.04137063664465,39.8881087,-83.9166709,"39023","Clark"
168,2004,3.10699962622941,39.8881087,-83.9166709,"39023","Clark"
168,2005,3.25725843079099,39.8881087,-83.9166709,"39023","Clark"
168,2007,3.27239626266083,39.8881087,-83.9166709,"39023","Clark"
168,2010,2.94311746769756,39.8881087,-83.9166709,"39023","Clark"
168,2008,3.33362878917372,39.8881087,-83.9166709,"39023","Clark"
168,2012,3.13722324380575,39.8881087,-83.9166709,"39023","Clark"
168,2013,2.77158883461531,39.8881087,-83.9166709,"39023","Clark"
168,2001,3.14772875149852,39.8881087,-83.9166709,"39023","Clark"
181,2002,3.89078765595967,39.5671857,-81.5807429,"39167","Washington"
181,2011,3.80470181268986,39.5671857,-81.5807429,"39167","Washington"
181,2003,3.91121737887876,39.5671857,-81.5807429,"39167","Washington"
181,2006,3.80891915627334,39.5671857,-81.5807429,"39167","Washington"
181,2005,3.90678313380609,39.5671857,-81.5807429,"39167","Washington"
181,2007,3.79494010284503,39.5671857,-81.5807429,"39167","Washington"
181,2013,3.6706631454647,39.5671857,-81.5807429,"39167","Washington"
181,2009,3.89576769646617,39.5671857,-81.5807429,"39167","Washington"
181,2004,3.83481160793265,39.5671857,-81.5807429,"39167","Washington"
181,2010,3.77706366920743,39.5671857,-81.5807429,"39167","Washington"
181,2008,3.72967289508378,39.5671857,-81.5807429,"39167","Washington"
181,2012,3.82970006137835,39.5671857,-81.5807429,"39167","Washington"
188,2001,3.64323934193431,38.6295227,-82.4578029,"39087","Lawrence"
188,2003,3.64145671579137,38.6295227,-82.4578029,"39087","Lawrence"
188,2009,3.55304708497171,38.6295227,-82.4578029,"39087","Lawrence"
188,2000,3.62986354880683,38.6295227,-82.4578029,"39087","Lawrence"
251,2009,3.3170802243715,40.2967664,-81.8718895,"39031","Coshocton"
251,2005,3.47291185318531,40.2967664,-81.8718895,"39031","Coshocton"
251,2002,3.75222926163207,40.2967664,-81.8718895,"39031","Coshocton"
251,2003,3.8003554565044,40.2967664,-81.8718895,"39031","Coshocton"
251,2000,3.73757577113357,40.2967664,-81.8718895,"39031","Coshocton"
251,2010,3.36930810690939,40.2967664,-81.8718895,"39031","Coshocton"
251,2001,3.89374057181627,40.2967664,-81.8718895,"39031","Coshocton"
251,2012,3.25407303614978,40.2967664,-81.8718895,"39031","Coshocton"
901,2000,3.34053431851977,38.6865963,-82.6150863,"39087","Lawrence"
901,2010,3.56423313783123,38.6865963,-82.6150863,"39087","Lawrence"
901,2009,3.57275896566054,38.6865963,-82.6150863,"39087","Lawrence"
901,2002,3.12385948117438,38.6865963,-82.6150863,"39087","Lawrence"
901,2001,3.29013192705648,38.6865963,-82.6150863,"39087","Lawrence"
901,2012,3.35303370951497,38.6865963,-82.6150863,"39087","Lawrence"
901,2006,3.41924407230904,38.6865963,-82.6150863,"39087","Lawrence"
901,2013,3.39855616206482,38.6865963,-82.6150863,"39087","Lawrence"
901,2008,3.29214088959805,38.6865963,-82.6150863,"39087","Lawrence"
902,2000,3.37811244363612,38.6574767,-83.1875069,"39145","Scioto"
903,2005,3.3375812118975,39.3200896,-82.2847853,"39009","Athens"
903,2003,3.2916104472108,39.3200896,-82.2847853,"39009","Athens"
903,2013,3.57044465419177,39.3200896,-82.2847853,"39009","Athens"
903,2002,3.28317921449134,39.3200896,-82.2847853,"39009","Athens"
903,2000,3.51358592766885,39.3200896,-82.2847853,"39009","Athens"
904,2013,3.57252915657526,39.3754092,-82.7626109,"39141","Ross"
904,2004,3.67579419461373,39.3754092,-82.7626109,"39141","Ross"
904,2005,3.63826768418882,39.3754092,-82.7626109,"39141","Ross"
904,2007,3.56892714235223,39.3754092,-82.7626109,"39141","Ross"
904,2009,3.46449248741616,39.3754092,-82.7626109,"39141","Ross"
904,2011,3.5323005652028,39.3754092,-82.7626109,"39141","Ross"
904,2008,3.50481780348919,39.3754092,-82.7626109,"39141","Ross"
904,2003,3.50725682923997,39.3754092,-82.7626109,"39141","Ross"
904,2010,3.60001288985192,39.3754092,-82.7626109,"39141","Ross"
904,2006,3.53313314993642,39.3754092,-82.7626109,"39141","Ross"
904,2001,3.54009253022392,39.3754092,-82.7626109,"39141","Ross"
904,2012,3.52455999581445,39.3754092,-82.7626109,"39141","Ross"
904,2000,3.60659540609939,39.3754092,-82.7626109,"39141","Ross"
905,2003,3.40726055193669,39.1798097,-82.9220429,"39141","Ross"
905,2002,3.391891601296,39.1798097,-82.9220429,"39141","Ross"
905,2004,3.32308354322801,39.1798097,-82.9220429,"39141","Ross"
905,2007,3.31417402472394,39.1798097,-82.9220429,"39141","Ross"
905,2005,3.5191458434259,39.1798097,-82.9220429,"39141","Ross"
905,2001,3.4013000654167,39.1798097,-82.9220429,"39141","Ross"
905,2000,3.34072740398092,39.1798097,-82.9220429,"39141","Ross"
905,2006,3.41368195545924,39.1798097,-82.9220429,"39141","Ross"
905,2013,3.5205731163335,39.1798097,-82.9220429,"39141","Ross"
906,2013,3.56953437320731,39.4318937,-81.8838039,"39009","Athens"
906,2004,3.67552466665238,39.4318937,-81.8838039,"39009","Athens"
906,2005,3.61659796897469,39.4318937,-81.8838039,"39009","Athens"
906,2007,3.56896637905697,39.4318937,-81.8838039,"39009","Athens"
906,2002,3.65706200230062,39.4318937,-81.8838039,"39009","Athens"
906,2003,3.66127643880516,39.4318937,-81.8838039,"39009","Athens"
906,2000,3.66308861386815,39.4318937,-81.8838039,"39009","Athens"
906,2001,3.58632426617731,39.4318937,-81.8838039,"39009","Athens"
906,2010,3.60600625788885,39.4318937,-81.8838039,"39009","Athens"
906,2012,3.56061266585944,39.4318937,-81.8838039,"39009","Athens"
906,2006,3.58262550107835,39.4318937,-81.8838039,"39009","Athens"
906,2011,3.49212188377075,39.4318937,-81.8838039,"39009","Athens"
907,2000,3.33117334665039,39.2280901,-83.2106382,"39141","Ross"
907,2002,3.388564671135,39.2280901,-83.2106382,"39141","Ross"
907,2013,3.60331919361675,39.2280901,-83.2106382,"39141","Ross"
907,2001,3.29718611830767,39.2280901,-83.2106382,"39141","Ross"
908,2012,3.62000557369219,40.6382548,-82.3344147,"39005","Ashland"
908,2008,3.3766861641233,40.6382548,-82.3344147,"39005","Ashland"
908,2002,3.46429509872538,40.6382548,-82.3344147,"39005","Ashland"
908,2009,3.28853227611337,40.6382548,-82.3344147,"39005","Ashland"
908,2010,3.33564311167492,40.6382548,-82.3344147,"39005","Ashland"
908,2000,3.48166554996436,40.6382548,-82.3344147,"39005","Ashland"
908,2005,3.39021066553277,40.6382548,-82.3344147,"39005","Ashland"
908,2013,3.59563621050192,40.6382548,-82.3344147,"39005","Ashland"
908,2006,3.32340180897798,40.6382548,-82.3344147,"39005","Ashland"
908,2003,3.35167878492393,40.6382548,-82.3344147,"39005","Ashland"
908,2011,3.54326727556834,40.6382548,-82.3344147,"39005","Ashland"
908,2004,3.42632023818396,40.6382548,-82.3344147,"39005","Ashland"
908,2001,3.50999740050547,40.6382548,-82.3344147,"39005","Ashland"
908,2007,3.25743588046358,40.6382548,-82.3344147,"39005","Ashland"
952,2005,3.44488252876002,38.649962,-83.1869915,"39145","Scioto"
952,2008,3.46570188622613,38.649962,-83.1869915,"39145","Scioto"
952,2013,3.3573784518668,38.649962,-83.1869915,"39145","Scioto"
952,2002,3.51127734035225,38.649962,-83.1869915,"39145","Scioto"
952,2012,3.39421749544887,38.649962,-83.1869915,"39145","Scioto"
952,2010,3.43212056414477,38.649962,-83.1869915,"39145","Scioto"
952,2009,3.50966906073767,38.649962,-83.1869915,"39145","Scioto"
952,2006,3.60117765328323,38.649962,-83.1869915,"39145","Scioto"
952,2001,3.39095106525173,38.649962,-83.1869915,"39145","Scioto"
952,2011,3.47950166756085,38.649962,-83.1869915,"39145","Scioto"
952,2004,3.36936287260001,38.649962,-83.1869915,"39145","Scioto"
952,2007,3.44187602624081,38.649962,-83.1869915,"39145","Scioto"
