"GEOID","reclass","total","year"
"18001","1",2533,1992
"18001","2",77485,1992
"18001","3",255,1992
"18001","4",45404,1992
"18001","5",14378,1992
"18001","6",832986,1992
"18001","7",5295,1992
"18003","1",15647,1992
"18003","2",424339,1992
"18003","3",3386,1992
"18003","4",153537,1992
"18003","5",20113,1992
"18003","6",1258386,1992
"18003","7",23986,1992
"18029","1",8381,1992
"18029","2",74616,1992
"18029","3",131,1992
"18029","4",486817,1992
"18029","5",28827,1992
"18029","6",283735,1992
"18029","7",2130,1992
"18033","1",4268,1992
"18033","2",91400,1992
"18033","3",232,1992
"18033","4",116589,1992
"18033","5",14402,1992
"18033","6",777951,1992
"18033","7",42235,1992
"18047","1",17865,1992
"18047","2",56031,1992
"18047","3",579,1992
"18047","4",593578,1992
"18047","5",27045,1992
"18047","6",429814,1992
"18047","7",436,1992
"18075","1",1248,1992
"18075","2",75619,1992
"18075","4",91467,1992
"18075","5",8048,1992
"18075","6",923949,1992
"18075","7",4769,1992
"18135","1",2120,1992
"18135","2",94497,1992
"18135","4",84690,1992
"18135","5",9320,1992
"18135","6",1110167,1992
"18135","7",3722,1992
"18151","1",40746,1992
"18151","2",94745,1992
"18151","3",331,1992
"18151","4",56518,1992
"18151","5",5434,1992
"18151","6",564176,1992
"18151","7",166034,1992
"18161","1",10985,1992
"18161","2",32887,1992
"18161","4",99968,1992
"18161","5",1760,1992
"18161","6",328869,1992
"18161","7",818,1992
"18177","1",3390,1992
"18177","2",132845,1992
"18177","4",166505,1992
"18177","5",16822,1992
"18177","6",841418,1992
"18177","7",2585,1992
"21015","1",32090,1992
"21015","2",112323,1992
"21015","3",686,1992
"21015","4",353648,1992
"21015","5",22206,1992
"21015","6",215242,1992
"21015","7",1834,1992
"21019","1",6082,1992
"21019","2",92623,1992
"21019","3",535,1992
"21019","4",279723,1992
"21019","5",27293,1992
"21019","6",59988,1992
"21023","1",17712,1992
"21023","2",26998,1992
"21023","3",210,1992
"21023","4",380810,1992
"21023","5",19658,1992
"21023","6",155885,1992
"21023","7",36,1992
"21037","1",24541,1992
"21037","2",83558,1992
"21037","3",50,1992
"21037","4",231800,1992
"21037","5",13412,1992
"21037","6",104337,1992
"21037","7",1076,1992
"21089","1",25709,1992
"21089","2",99014,1992
"21089","3",770,1992
"21089","4",704032,1992
"21089","5",52836,1992
"21089","6",137655,1992
"21089","7",12,1992
"21117","1",7466,1992
"21117","2",113681,1992
"21117","3",105,1992
"21117","4",227335,1992
"21117","5",12261,1992
"21117","6",111085,1992
"21135","1",33841,1992
"21135","2",71828,1992
"21135","3",164,1992
"21135","4",1052907,1992
"21135","5",60763,1992
"21135","6",206041,1992
"21135","7",40,1992
"21161","1",16241,1992
"21161","2",46452,1992
"21161","3",520,1992
"21161","4",256903,1992
"21161","5",10388,1992
"21161","6",378595,1992
"21191","1",7979,1992
"21191","2",46596,1992
"21191","3",1125,1992
"21191","4",481708,1992
"21191","5",42744,1992
"21191","6",229864,1992
"21191","7",1270,1992
"26023","1",35799,1992
"26023","2",121944,1992
"26023","3",2461,1992
"26023","4",147093,1992
"26023","5",8323,1992
"26023","6",970359,1992
"26023","7",209521,1992
"26059","1",19260,1992
"26059","2",140303,1992
"26059","3",2526,1992
"26059","4",269813,1992
"26059","5",16083,1992
"26059","6",1093297,1992
"26059","7",205547,1992
"26091","1",30758,1992
"26091","2",205122,1992
"26091","3",2680,1992
"26091","4",200438,1992
"26091","5",16003,1992
"26091","6",1572718,1992
"26091","7",163437,1992
"26115","1",369954,1992
"26115","2",280384,1992
"26115","3",12242,1992
"26115","4",167790,1992
"26115","5",28313,1992
"26115","6",1026190,1992
"26115","7",72029,1992
"39001","1",8007,1992
"39001","2",80212,1992
"39001","3",3905,1992
"39001","4",1017259,1992
"39001","5",76136,1992
"39001","6",500866,1992
"39001","7",702,1992
"39003","1",9085,1992
"39003","2",203986,1992
"39003","3",325,1992
"39003","4",88399,1992
"39003","5",20827,1992
"39003","6",844685,1992
"39003","7",3499,1992
"39005","1",10177,1992
"39005","2",108014,1992
"39005","3",105,1992
"39005","4",406738,1992
"39005","5",9871,1992
"39005","6",680984,1992
"39005","7",12330,1992
"39007","1",1905518,1992
"39007","2",206326,1992
"39007","3",2594,1992
"39007","4",909030,1992
"39007","5",92478,1992
"39007","6",708500,1992
"39007","7",93885,1992
"39009","1",8431,1992
"39009","2",117072,1992
"39009","3",912,1992
"39009","4",1046039,1992
"39009","5",17376,1992
"39009","6",272968,1992
"39011","1",13879,1992
"39011","2",111490,1992
"39011","3",80,1992
"39011","4",78033,1992
"39011","5",19030,1992
"39011","6",931446,1992
"39011","7",2647,1992
"39013","1",16292,1992
"39013","2",146806,1992
"39013","3",549,1992
"39013","4",919004,1992
"39013","5",37267,1992
"39013","6",435700,1992
"39013","7",2042,1992
"39015","1",9698,1992
"39015","2",88001,1992
"39015","3",338,1992
"39015","4",526701,1992
"39015","5",42778,1992
"39015","6",751951,1992
"39015","7",565,1992
"39017","1",14405,1992
"39017","2",408108,1992
"39017","3",1969,1992
"39017","4",275684,1992
"39017","5",11224,1992
"39017","6",639658,1992
"39017","7",1876,1992
"39019","1",14870,1992
"39019","2",80622,1992
"39019","3",40,1992
"39019","4",662015,1992
"39019","5",21543,1992
"39019","6",365778,1992
"39019","7",3172,1992
"39021","1",4826,1992
"39021","2",87917,1992
"39021","3",188,1992
"39021","4",121249,1992
"39021","5",17364,1992
"39021","6",1004002,1992
"39021","7",1406,1992
"39023","1",14493,1992
"39023","2",199382,1992
"39023","4",85974,1992
"39023","5",21607,1992
"39023","6",833799,1992
"39023","7",2931,1992
"39025","1",17190,1992
"39025","2",183960,1992
"39025","3",456,1992
"39025","4",662699,1992
"39025","5",33163,1992
"39025","6",422795,1992
"39025","7",2841,1992
"39027","1",5526,1992
"39027","2",90260,1992
"39027","3",473,1992
"39027","4",180327,1992
"39027","5",1370,1992
"39027","6",908369,1992
"39027","7",151,1992
"39029","1",12516,1992
"39029","2",205723,1992
"39029","3",205,1992
"39029","4",739849,1992
"39029","5",23787,1992
"39029","6",551613,1992
"39029","7",5133,1992
"39031","1",18379,1992
"39031","2",124455,1992
"39031","3",157,1992
"39031","4",926800,1992
"39031","5",13455,1992
"39031","6",540741,1992
"39031","7",9093,1992
"39033","1",2910,1992
"39033","2",111674,1992
"39033","3",1506,1992
"39033","4",107919,1992
"39033","5",7440,1992
"39033","6",926169,1992
"39033","7",1250,1992
"39035","1",2258601,1992
"39035","2",947737,1992
"39035","3",1215,1992
"39035","4",288736,1992
"39035","5",19873,1992
"39035","6",31882,1992
"39035","7",26856,1992
"39037","1",2598,1992
"39037","2",134507,1992
"39037","3",249,1992
"39037","4",86678,1992
"39037","5",23149,1992
"39037","6",1476644,1992
"39037","7",2143,1992
"39039","1",11601,1992
"39039","2",99370,1992
"39039","3",4280,1992
"39039","4",93553,1992
"39039","6",942200,1992
"39039","7",35782,1992
"39041","1",40399,1992
"39041","2",202831,1992
"39041","3",2024,1992
"39041","4",238297,1992
"39041","5",13239,1992
"39041","6",816122,1992
"39041","7",3165,1992
"39043","1",1077197,1992
"39043","2",131711,1992
"39043","3",12778,1992
"39043","4",149252,1992
"39043","5",3915,1992
"39043","6",411338,1992
"39043","7",15019,1992
"39045","1",11829,1992
"39045","2",176912,1992
"39045","3",175,1992
"39045","4",373898,1992
"39045","5",11664,1992
"39045","6",885287,1992
"39045","7",3734,1992
"39047","1",2126,1992
"39047","2",74527,1992
"39047","3",496,1992
"39047","4",66390,1992
"39047","5",3594,1992
"39047","6",1023536,1992
"39047","7",617,1992
"39049","1",21986,1992
"39049","2",875523,1992
"39049","3",6463,1992
"39049","4",148431,1992
"39049","5",11995,1992
"39049","6",496171,1992
"39049","7",3515,1992
"39051","1",2562,1992
"39051","2",103027,1992
"39051","3",827,1992
"39051","4",67583,1992
"39051","5",6300,1992
"39051","6",978907,1992
"39051","7",12696,1992
"39053","1",9591,1992
"39053","2",103437,1992
"39053","3",3275,1992
"39053","4",830412,1992
"39053","5",52477,1992
"39053","6",355719,1992
"39053","7",1071,1992
"39055","1",18838,1992
"39055","2",176680,1992
"39055","3",527,1992
"39055","4",575663,1992
"39055","5",66318,1992
"39055","6",315764,1992
"39055","7",21180,1992
"39057","1",4776,1992
"39057","2",245192,1992
"39057","3",951,1992
"39057","4",147098,1992
"39057","5",9725,1992
"39057","6",787102,1992
"39057","7",3065,1992
"39059","1",22102,1992
"39059","2",138776,1992
"39059","3",184,1992
"39059","4",959405,1992
"39059","5",28871,1992
"39059","6",367015,1992
"39059","7",3978,1992
"39061","1",18581,1992
"39061","2",630843,1992
"39061","3",2219,1992
"39061","4",401135,1992
"39061","5",14020,1992
"39061","6",117802,1992
"39061","7",2866,1992
"39063","1",7990,1992
"39063","2",164803,1992
"39063","3",1066,1992
"39063","4",90624,1992
"39063","5",20666,1992
"39063","6",1246389,1992
"39063","7",4209,1992
"39065","1",1601,1992
"39065","2",96562,1992
"39065","3",248,1992
"39065","4",94525,1992
"39065","5",19370,1992
"39065","6",1140012,1992
"39065","7",2086,1992
"39067","1",23862,1992
"39067","2",87269,1992
"39067","3",43,1992
"39067","4",754417,1992
"39067","5",23426,1992
"39067","6",289793,1992
"39067","7",3269,1992
"39069","1",11930,1992
"39069","2",96006,1992
"39069","3",510,1992
"39069","4",47417,1992
"39069","5",6649,1992
"39069","6",1041379,1992
"39069","7",4049,1992
"39071","1",14007,1992
"39071","2",97469,1992
"39071","3",1842,1992
"39071","4",477961,1992
"39071","5",40579,1992
"39071","6",972981,1992
"39071","7",360,1992
"39073","1",4748,1992
"39073","2",75949,1992
"39073","3",528,1992
"39073","4",965060,1992
"39073","5",8837,1992
"39073","6",163347,1992
"39073","7",632,1992
"39075","1",5442,1992
"39075","2",92817,1992
"39075","3",23,1992
"39075","4",477221,1992
"39075","5",11172,1992
"39075","6",627433,1992
"39075","7",6002,1992
"39077","1",11115,1992
"39077","2",125832,1992
"39077","3",2401,1992
"39077","4",267571,1992
"39077","5",2870,1992
"39077","6",1005038,1992
"39077","7",9163,1992
"39079","1",4534,1992
"39079","2",94266,1992
"39079","3",2433,1992
"39079","4",781615,1992
"39079","5",51969,1992
"39079","6",277922,1992
"39079","7",372,1992
"39081","1",11685,1992
"39081","2",140963,1992
"39081","3",1024,1992
"39081","4",780455,1992
"39081","5",20459,1992
"39081","6",227431,1992
"39081","7",640,1992
"39083","1",10784,1992
"39083","2",134457,1992
"39083","3",187,1992
"39083","4",517237,1992
"39083","5",15440,1992
"39083","6",842519,1992
"39083","7",3565,1992
"39085","1",2124008,1992
"39085","2",277814,1992
"39085","3",1353,1992
"39085","4",246834,1992
"39085","5",24087,1992
"39085","6",106963,1992
"39085","7",2673,1992
"39087","1",7416,1992
"39087","2",118654,1992
"39087","3",1408,1992
"39087","4",975391,1992
"39087","5",42369,1992
"39087","6",168601,1992
"39087","7",2076,1992
"39089","1",9142,1992
"39089","2",220921,1992
"39089","3",296,1992
"39089","4",708815,1992
"39089","5",22621,1992
"39089","6",1011896,1992
"39089","7",4723,1992
"39091","1",26686,1992
"39091","2",130854,1992
"39091","3",1002,1992
"39091","4",187847,1992
"39091","5",11383,1992
"39091","6",980575,1992
"39091","7",4923,1992
"39093","1",1238947,1992
"39093","2",352313,1992
"39093","3",2270,1992
"39093","4",308880,1992
"39093","5",8999,1992
"39093","6",630673,1992
"39093","7",111016,1992
"39095","1",738825,1992
"39095","2",429351,1992
"39095","3",5889,1992
"39095","4",120178,1992
"39095","5",17477,1992
"39095","6",366910,1992
"39095","7",35370,1992
"39097","1",3910,1992
"39097","2",81445,1992
"39097","3",217,1992
"39097","4",42700,1992
"39097","5",10139,1992
"39097","6",1202798,1992
"39097","7",1641,1992
"39099","1",26392,1992
"39099","2",328155,1992
"39099","3",1659,1992
"39099","4",413642,1992
"39099","5",29719,1992
"39099","6",399323,1992
"39099","7",24698,1992
"39101","1",3946,1992
"39101","2",123745,1992
"39101","3",936,1992
"39101","4",73044,1992
"39101","5",10079,1992
"39101","6",946208,1992
"39101","7",4963,1992
"39103","1",9344,1992
"39103","2",228470,1992
"39103","3",204,1992
"39103","4",365019,1992
"39103","5",14302,1992
"39103","6",560867,1992
"39103","7",39138,1992
"39105","1",10026,1992
"39105","2",88707,1992
"39105","3",2361,1992
"39105","4",854353,1992
"39105","5",13427,1992
"39105","6",276624,1992
"39105","7",581,1992
"39107","1",48201,1992
"39107","2",117194,1992
"39107","3",30,1992
"39107","4",58149,1992
"39107","5",14912,1992
"39107","6",1116175,1992
"39107","7",7741,1992
"39109","1",6761,1992
"39109","2",146748,1992
"39109","3",510,1992
"39109","4",85114,1992
"39109","5",18744,1992
"39109","6",916619,1992
"39109","7",4397,1992
"39111","1",6041,1992
"39111","2",94107,1992
"39111","3",88,1992
"39111","4",998988,1992
"39111","5",19683,1992
"39111","6",197439,1992
"39111","7",108,1992
"39113","1",12437,1992
"39113","2",568124,1992
"39113","3",697,1992
"39113","4",159576,1992
"39113","5",6932,1992
"39113","6",584475,1992
"39113","7",4014,1992
"39115","1",12049,1992
"39115","2",79365,1992
"39115","3",584,1992
"39115","4",827471,1992
"39115","5",29307,1992
"39115","6",264452,1992
"39115","7",575,1992
"39117","1",4370,1992
"39117","2",83794,1992
"39117","4",297284,1992
"39117","5",6185,1992
"39117","6",775850,1992
"39117","7",4455,1992
"39119","1",25945,1992
"39119","2",184129,1992
"39119","3",1045,1992
"39119","4",1073550,1992
"39119","5",58493,1992
"39119","6",588739,1992
"39119","7",3631,1992
"39121","1",15033,1992
"39121","2",90797,1992
"39121","3",791,1992
"39121","4",795069,1992
"39121","5",42606,1992
"39121","6",219299,1992
"39121","7",653,1992
"39123","1",954989,1992
"39123","2",114899,1992
"39123","3",10646,1992
"39123","4",28261,1992
"39123","5",17913,1992
"39123","6",469997,1992
"39123","7",86242,1992
"39125","1",10279,1992
"39125","2",86814,1992
"39125","3",2031,1992
"39125","4",48599,1992
"39125","5",10373,1992
"39125","6",1038120,1992
"39125","7",9137,1992
"39127","1",6776,1992
"39127","2",94082,1992
"39127","3",1138,1992
"39127","4",686000,1992
"39127","5",15666,1992
"39127","6",381127,1992
"39127","7",2261,1992
"39129","1",18035,1992
"39129","2",101812,1992
"39129","3",222,1992
"39129","4",125016,1992
"39129","5",3484,1992
"39129","6",1206797,1992
"39129","7",2396,1992
"39131","1",8274,1992
"39131","2",82459,1992
"39131","3",741,1992
"39131","4",779788,1992
"39131","5",102717,1992
"39131","6",303575,1992
"39131","7",104,1992
"39133","1",46730,1992
"39133","2",220155,1992
"39133","3",912,1992
"39133","4",574657,1992
"39133","5",61331,1992
"39133","6",508960,1992
"39133","7",37812,1992
"39135","1",4844,1992
"39135","2",98741,1992
"39135","3",98,1992
"39135","4",176268,1992
"39135","5",10881,1992
"39135","6",933997,1992
"39135","7",2425,1992
"39137","1",5543,1992
"39137","2",108876,1992
"39137","3",1581,1992
"39137","4",44377,1992
"39137","5",12775,1992
"39137","6",1215429,1992
"39137","7",5113,1992
"39139","1",12177,1992
"39139","2",198069,1992
"39139","3",183,1992
"39139","4",476626,1992
"39139","5",12958,1992
"39139","6",731503,1992
"39139","7",7591,1992
"39141","1",13878,1992
"39141","2",131071,1992
"39141","3",701,1992
"39141","4",917023,1992
"39141","5",74075,1992
"39141","6",856699,1992
"39141","7",918,1992
"39143","1",27426,1992
"39143","2",136558,1992
"39143","3",7825,1992
"39143","4",73181,1992
"39143","5",13302,1992
"39143","6",903677,1992
"39143","7",40099,1992
"39145","1",12101,1992
"39145","2",136086,1992
"39145","3",572,1992
"39145","4",1190835,1992
"39145","5",99375,1992
"39145","6",333370,1992
"39145","7",786,1992
"39147","1",6325,1992
"39147","2",139571,1992
"39147","3",4029,1992
"39147","4",128437,1992
"39147","5",13028,1992
"39147","6",1296686,1992
"39147","7",2726,1992
"39149","1",7234,1992
"39149","2",107889,1992
"39149","3",35,1992
"39149","4",101643,1992
"39149","5",20484,1992
"39149","6",942230,1992
"39149","7",2355,1992
"39151","1",18500,1992
"39151","2",487737,1992
"39151","3",1009,1992
"39151","4",450442,1992
"39151","5",27980,1992
"39151","6",671364,1992
"39151","7",13746,1992
"39153","1",21642,1992
"39153","2",598837,1992
"39153","3",465,1992
"39153","4",387735,1992
"39153","5",26945,1992
"39153","6",141249,1992
"39153","7",32173,1992
"39155","1",52594,1992
"39155","2",329989,1992
"39155","3",959,1992
"39155","4",632136,1992
"39155","5",70573,1992
"39155","6",609314,1992
"39155","7",136332,1992
"39157","1",19478,1992
"39157","2",177557,1992
"39157","3",1185,1992
"39157","4",915598,1992
"39157","5",28252,1992
"39157","6",490386,1992
"39157","7",12034,1992
"39159","1",2882,1992
"39159","2",103355,1992
"39159","3",792,1992
"39159","4",88931,1992
"39159","5",13529,1992
"39159","6",1046216,1992
"39159","7",1521,1992
"39161","1",1722,1992
"39161","2",98772,1992
"39161","4",34420,1992
"39161","5",11180,1992
"39161","6",1033530,1992
"39161","7",1364,1992
"39163","1",4551,1992
"39163","2",71354,1992
"39163","3",2429,1992
"39163","4",946574,1992
"39163","5",21647,1992
"39163","6",146814,1992
"39163","7",828,1992
"39165","1",19737,1992
"39165","2",253058,1992
"39165","3",787,1992
"39165","4",334023,1992
"39165","5",17623,1992
"39165","6",545258,1992
"39165","7",1673,1992
"39167","1",17971,1992
"39167","2",172188,1992
"39167","3",841,1992
"39167","4",1234807,1992
"39167","5",11982,1992
"39167","6",403915,1992
"39167","7",79,1992
"39169","1",14969,1992
"39169","2",194914,1992
"39169","3",128,1992
"39169","4",289164,1992
"39169","5",12787,1992
"39169","6",1073928,1992
"39169","7",16474,1992
"39171","1",5515,1992
"39171","2",110164,1992
"39171","3",637,1992
"39171","4",60164,1992
"39171","5",2192,1992
"39171","6",961738,1992
"39171","7",77157,1992
"39173","1",12198,1992
"39173","2",240008,1992
"39173","3",3731,1992
"39173","4",68756,1992
"39173","5",18121,1992
"39173","6",1436862,1992
"39173","7",5952,1992
"39175","1",8071,1992
"39175","2",88907,1992
"39175","3",3686,1992
"39175","4",98934,1992
"39175","5",21946,1992
"39175","6",943863,1992
"39175","7",7448,1992
"42007","1",25212,1992
"42007","2",280587,1992
"42007","3",1156,1992
"42007","4",764156,1992
"42007","5",14614,1992
"42007","6",189602,1992
"42007","7",2541,1992
"42039","1",95184,1992
"42039","2",215938,1992
"42039","3",639,1992
"42039","4",1513049,1992
"42039","5",60063,1992
"42039","6",959641,1992
"42039","7",141210,1992
"42049","1",2171425,1992
"42049","2",319194,1992
"42049","3",3764,1992
"42049","4",969957,1992
"42049","5",62288,1992
"42049","6",773478,1992
"42049","7",175847,1992
"42073","1",10967,1992
"42073","2",161085,1992
"42073","3",2465,1992
"42073","4",466931,1992
"42073","5",16588,1992
"42073","6",374394,1992
"42073","7",11370,1992
"42085","1",37322,1992
"42085","2",229676,1992
"42085","3",574,1992
"42085","4",877614,1992
"42085","5",38621,1992
"42085","6",754971,1992
"42085","7",25600,1992
"54009","1",9962,1992
"54009","2",40539,1992
"54009","3",707,1992
"54009","4",176373,1992
"54009","5",4802,1992
"54009","6",33736,1992
"54009","7",277,1992
"54011","1",19667,1992
"54011","2",115556,1992
"54011","3",512,1992
"54011","4",604727,1992
"54011","5",21063,1992
"54011","6",66340,1992
"54011","7",990,1992
"54029","1",15380,1992
"54029","2",45301,1992
"54029","3",124,1992
"54029","4",157189,1992
"54029","5",6135,1992
"54029","6",28970,1992
"54029","7",32,1992
"54035","1",19809,1992
"54035","2",101775,1992
"54035","3",456,1992
"54035","4",1022052,1992
"54035","5",5412,1992
"54035","6",207216,1992
"54051","1",19965,1992
"54051","2",75895,1992
"54051","3",181,1992
"54051","4",667377,1992
"54051","5",14710,1992
"54051","6",119643,1992
"54051","7",544,1992
"54053","1",40084,1992
"54053","2",95756,1992
"54053","3",1458,1992
"54053","4",878309,1992
"54053","5",15014,1992
"54053","6",247891,1992
"54053","7",1262,1992
"54069","1",8512,1992
"54069","2",60506,1992
"54069","3",211,1992
"54069","4",188471,1992
"54069","5",5251,1992
"54069","6",50775,1992
"54069","7",16,1992
"54073","1",14307,1992
"54073","2",30197,1992
"54073","3",326,1992
"54073","4",316509,1992
"54073","5",2490,1992
"54073","6",23362,1992
"54095","1",12165,1992
"54095","2",38021,1992
"54095","3",39,1992
"54095","4",627964,1992
"54095","5",3235,1992
"54095","6",68781,1992
"54099","1",17196,1992
"54099","2",123276,1992
"54099","3",874,1992
"54099","4",1213696,1992
"54099","5",71232,1992
"54099","6",46958,1992
"54103","1",7892,1992
"54103","2",62406,1992
"54103","3",98,1992
"54103","4",929355,1992
"54103","5",5115,1992
"54103","6",34863,1992
"54107","1",30253,1992
"54107","2",149063,1992
"54107","3",352,1992
"54107","4",738870,1992
"54107","5",6118,1992
"54107","6",159424,1992
"18001","1",2895,2001
"18001","2",78108,2001
"18001","3",266,2001
"18001","4",45052,2001
"18001","5",14502,2001
"18001","6",832107,2001
"18001","7",5406,2001
"18003","1",19250,2001
"18003","2",442137,2001
"18003","3",3410,2001
"18003","4",153705,2001
"18003","5",21214,2001
"18003","6",1235035,2001
"18003","7",24643,2001
"18029","1",8512,2001
"18029","2",76110,2001
"18029","3",316,2001
"18029","4",480710,2001
"18029","5",30348,2001
"18029","6",286364,2001
"18029","7",2277,2001
"18033","1",6382,2001
"18033","2",94326,2001
"18033","3",283,2001
"18033","4",118068,2001
"18033","5",14477,2001
"18033","6",770219,2001
"18033","7",43322,2001
"18047","1",18941,2001
"18047","2",56627,2001
"18047","3",633,2001
"18047","4",580381,2001
"18047","5",29186,2001
"18047","6",439038,2001
"18047","7",542,2001
"18075","1",1807,2001
"18075","2",75839,2001
"18075","3",211,2001
"18075","4",91195,2001
"18075","5",8147,2001
"18075","6",923303,2001
"18075","7",4809,2001
"18135","1",2238,2001
"18135","2",94454,2001
"18135","3",15,2001
"18135","4",84289,2001
"18135","5",9390,2001
"18135","6",1110414,2001
"18135","7",3731,2001
"18151","1",43024,2001
"18151","2",94466,2001
"18151","3",421,2001
"18151","4",55386,2001
"18151","5",5624,2001
"18151","6",557954,2001
"18151","7",171109,2001
"18161","1",10941,2001
"18161","2",32021,2001
"18161","3",52,2001
"18161","4",99630,2001
"18161","5",1806,2001
"18161","6",329983,2001
"18161","7",906,2001
"18177","1",3855,2001
"18177","2",134527,2001
"18177","3",30,2001
"18177","4",165305,2001
"18177","5",17074,2001
"18177","6",840148,2001
"18177","7",2656,2001
"21015","1",32498,2001
"21015","2",131393,2001
"21015","3",1303,2001
"21015","4",336622,2001
"21015","5",23453,2001
"21015","6",210847,2001
"21015","7",1913,2001
"21019","1",6223,2001
"21019","2",96386,2001
"21019","3",705,2001
"21019","4",269085,2001
"21019","5",30010,2001
"21019","6",63835,2001
"21023","1",17816,2001
"21023","2",27948,2001
"21023","3",266,2001
"21023","4",372645,2001
"21023","5",21243,2001
"21023","6",161350,2001
"21023","7",41,2001
"21037","1",24516,2001
"21037","2",90522,2001
"21037","3",79,2001
"21037","4",217972,2001
"21037","5",14426,2001
"21037","6",110156,2001
"21037","7",1103,2001
"21089","1",25769,2001
"21089","2",102702,2001
"21089","3",1355,2001
"21089","4",681461,2001
"21089","5",66219,2001
"21089","6",142503,2001
"21089","7",19,2001
"21117","1",7537,2001
"21117","2",124917,2001
"21117","3",163,2001
"21117","4",216348,2001
"21117","5",12904,2001
"21117","6",110064,2001
"21117","7",1013,2001
"21135","1",34174,2001
"21135","2",73816,2001
"21135","3",286,2001
"21135","4",1041852,2001
"21135","5",72604,2001
"21135","6",202817,2001
"21135","7",35,2001
"21161","1",16445,2001
"21161","2",48927,2001
"21161","3",644,2001
"21161","4",252889,2001
"21161","5",11300,2001
"21161","6",378894,2001
"21161","7",46,2001
"21191","1",8043,2001
"21191","2",47549,2001
"21191","3",1702,2001
"21191","4",464843,2001
"21191","5",45116,2001
"21191","6",242691,2001
"21191","7",1342,2001
"26023","1",36648,2001
"26023","2",121290,2001
"26023","3",2698,2001
"26023","4",141408,2001
"26023","5",8696,2001
"26023","6",967917,2001
"26023","7",216843,2001
"26059","1",19875,2001
"26059","2",139937,2001
"26059","3",3150,2001
"26059","4",269656,2001
"26059","5",14627,2001
"26059","6",1090963,2001
"26059","7",208621,2001
"26091","1",31478,2001
"26091","2",207554,2001
"26091","3",3425,2001
"26091","4",200624,2001
"26091","5",15498,2001
"26091","6",1566886,2001
"26091","7",165691,2001
"26115","1",361931,2001
"26115","2",287885,2001
"26115","3",16137,2001
"26115","4",169551,2001
"26115","5",29393,2001
"26115","6",1015925,2001
"26115","7",76080,2001
"26115","0",28,2001
"39001","1",7904,2001
"39001","2",81553,2001
"39001","3",4846,2001
"39001","4",1016027,2001
"39001","5",82745,2001
"39001","6",493279,2001
"39001","7",733,2001
"39003","1",9657,2001
"39003","2",209435,2001
"39003","3",382,2001
"39003","4",88268,2001
"39003","5",21074,2001
"39003","6",838455,2001
"39003","7",3535,2001
"39005","1",10217,2001
"39005","2",108994,2001
"39005","3",29,2001
"39005","4",411333,2001
"39005","5",10112,2001
"39005","6",674976,2001
"39005","7",12558,2001
"39007","1",1912134,2001
"39007","2",216949,2001
"39007","3",2947,2001
"39007","4",873632,2001
"39007","5",112782,2001
"39007","6",700963,2001
"39007","7",98924,2001
"39007","0",18158,2001
"39009","1",9365,2001
"39009","2",121765,2001
"39009","3",1018,2001
"39009","4",1030425,2001
"39009","5",20498,2001
"39009","6",279727,2001
"39009","7",370,2001
"39011","1",14657,2001
"39011","2",113019,2001
"39011","3",102,2001
"39011","4",77807,2001
"39011","5",19124,2001
"39011","6",929195,2001
"39011","7",2701,2001
"39013","1",17929,2001
"39013","2",146344,2001
"39013","3",5607,2001
"39013","4",921492,2001
"39013","5",41902,2001
"39013","6",422174,2001
"39013","7",2212,2001
"39015","1",9966,2001
"39015","2",89179,2001
"39015","3",724,2001
"39015","4",526765,2001
"39015","5",44852,2001
"39015","6",747963,2001
"39015","7",583,2001
"39017","1",14340,2001
"39017","2",422525,2001
"39017","3",2009,2001
"39017","4",257091,2001
"39017","5",11694,2001
"39017","6",643244,2001
"39017","7",2021,2001
"39019","1",15672,2001
"39019","2",80068,2001
"39019","3",50,2001
"39019","4",641593,2001
"39019","5",23542,2001
"39019","6",383923,2001
"39019","7",3192,2001
"39021","1",5290,2001
"39021","2",88334,2001
"39021","3",288,2001
"39021","4",123992,2001
"39021","5",17521,2001
"39021","6",1000057,2001
"39021","7",1470,2001
"39023","1",16460,2001
"39023","2",201439,2001
"39023","3",176,2001
"39023","4",89953,2001
"39023","5",21981,2001
"39023","6",825231,2001
"39023","7",3122,2001
"39025","1",17657,2001
"39025","2",200026,2001
"39025","3",543,2001
"39025","4",656233,2001
"39025","5",34421,2001
"39025","6",411205,2001
"39025","7",3019,2001
"39027","1",5791,2001
"39027","2",92188,2001
"39027","3",755,2001
"39027","4",173125,2001
"39027","5",1449,2001
"39027","6",913002,2001
"39027","7",166,2001
"39029","1",13922,2001
"39029","2",212920,2001
"39029","3",1632,2001
"39029","4",685200,2001
"39029","5",27676,2001
"39029","6",592125,2001
"39029","7",5351,2001
"39031","1",20468,2001
"39031","2",125949,2001
"39031","3",465,2001
"39031","4",910530,2001
"39031","5",14731,2001
"39031","6",551473,2001
"39031","7",9464,2001
"39033","1",3387,2001
"39033","2",112608,2001
"39033","3",2039,2001
"39033","4",109173,2001
"39033","5",7504,2001
"39033","6",922903,2001
"39033","7",1254,2001
"39035","1",2259376,2001
"39035","2",1001348,2001
"39035","3",1330,2001
"39035","4",246669,2001
"39035","5",22554,2001
"39035","6",16427,2001
"39035","7",27196,2001
"39035","0",9440,2001
"39037","1",2976,2001
"39037","2",135231,2001
"39037","3",374,2001
"39037","4",86666,2001
"39037","5",23253,2001
"39037","6",1475181,2001
"39037","7",2287,2001
"39039","1",11892,2001
"39039","2",100256,2001
"39039","3",4398,2001
"39039","4",93692,2001
"39039","5",5151,2001
"39039","6",940688,2001
"39039","7",35860,2001
"39041","1",41992,2001
"39041","2",218355,2001
"39041","3",1899,2001
"39041","4",248648,2001
"39041","5",13613,2001
"39041","6",788389,2001
"39041","7",3181,2001
"39043","1",1075903,2001
"39043","2",137172,2001
"39043","3",13287,2001
"39043","4",129581,2001
"39043","5",4088,2001
"39043","6",423391,2001
"39043","7",17788,2001
"39043","0",198,2001
"39045","1",12574,2001
"39045","2",180742,2001
"39045","3",45,2001
"39045","4",374992,2001
"39045","5",12251,2001
"39045","6",879057,2001
"39045","7",3838,2001
"39047","1",2478,2001
"39047","2",75459,2001
"39047","3",532,2001
"39047","4",57347,2001
"39047","5",3743,2001
"39047","6",1031094,2001
"39047","7",633,2001
"39049","1",24065,2001
"39049","2",925374,2001
"39049","3",8559,2001
"39049","4",159423,2001
"39049","5",12705,2001
"39049","6",430306,2001
"39049","7",3652,2001
"39051","1",3347,2001
"39051","2",104868,2001
"39051","3",1055,2001
"39051","4",67668,2001
"39051","5",6299,2001
"39051","6",975936,2001
"39051","7",12729,2001
"39053","1",10010,2001
"39053","2",105040,2001
"39053","3",5089,2001
"39053","4",815419,2001
"39053","5",57741,2001
"39053","6",361597,2001
"39053","7",1086,2001
"39055","1",24283,2001
"39055","2",196463,2001
"39055","3",791,2001
"39055","4",562774,2001
"39055","5",79812,2001
"39055","6",288419,2001
"39055","7",22428,2001
"39057","1",6234,2001
"39057","2",248709,2001
"39057","3",1087,2001
"39057","4",139642,2001
"39057","5",9742,2001
"39057","6",789326,2001
"39057","7",3169,2001
"39059","1",23742,2001
"39059","2",141263,2001
"39059","3",462,2001
"39059","4",959034,2001
"39059","5",31743,2001
"39059","6",359780,2001
"39059","7",4307,2001
"39061","1",19899,2001
"39061","2",657757,2001
"39061","3",2401,2001
"39061","4",385765,2001
"39061","5",14531,2001
"39061","6",103912,2001
"39061","7",3201,2001
"39063","1",9089,2001
"39063","2",169160,2001
"39063","3",1369,2001
"39063","4",90398,2001
"39063","5",20816,2001
"39063","6",1240645,2001
"39063","7",4270,2001
"39065","1",1781,2001
"39065","2",95748,2001
"39065","3",277,2001
"39065","4",93956,2001
"39065","5",19474,2001
"39065","6",1141041,2001
"39065","7",2127,2001
"39067","1",24869,2001
"39067","2",84076,2001
"39067","3",4358,2001
"39067","4",750640,2001
"39067","5",26352,2001
"39067","6",288426,2001
"39067","7",3358,2001
"39069","1",12045,2001
"39069","2",96346,2001
"39069","3",622,2001
"39069","4",47987,2001
"39069","5",6691,2001
"39069","6",1040195,2001
"39069","7",4054,2001
"39071","1",14527,2001
"39071","2",98542,2001
"39071","3",2712,2001
"39071","4",481743,2001
"39071","5",42717,2001
"39071","6",964558,2001
"39071","7",400,2001
"39073","1",5406,2001
"39073","2",77829,2001
"39073","3",613,2001
"39073","4",970918,2001
"39073","5",10070,2001
"39073","6",153594,2001
"39073","7",671,2001
"39075","1",6388,2001
"39075","2",94988,2001
"39075","3",97,2001
"39075","4",460043,2001
"39075","5",12588,2001
"39075","6",639580,2001
"39075","7",6426,2001
"39077","1",11770,2001
"39077","2",128538,2001
"39077","3",2471,2001
"39077","4",243157,2001
"39077","5",2950,2001
"39077","6",1025603,2001
"39077","7",9501,2001
"39079","1",5596,2001
"39079","2",97436,2001
"39079","3",7733,2001
"39079","4",768387,2001
"39079","5",63695,2001
"39079","6",269838,2001
"39079","7",426,2001
"39081","1",12624,2001
"39081","2",139681,2001
"39081","3",2372,2001
"39081","4",777646,2001
"39081","5",22228,2001
"39081","6",227446,2001
"39081","7",660,2001
"39083","1",11480,2001
"39083","2",134657,2001
"39083","3",37,2001
"39083","4",517344,2001
"39083","5",15948,2001
"39083","6",841127,2001
"39083","7",3596,2001
"39085","1",2125998,2001
"39085","2",310302,2001
"39085","3",1749,2001
"39085","4",215595,2001
"39085","5",30283,2001
"39085","6",96924,2001
"39085","7",2881,2001
"39085","0",34181,2001
"39087","1",7235,2001
"39087","2",121083,2001
"39087","3",1034,2001
"39087","4",954227,2001
"39087","5",51834,2001
"39087","6",178414,2001
"39087","7",2088,2001
"39089","1",10344,2001
"39089","2",225118,2001
"39089","3",167,2001
"39089","4",719486,2001
"39089","5",23352,2001
"39089","6",995165,2001
"39089","7",4782,2001
"39091","1",27456,2001
"39091","2",132356,2001
"39091","3",1292,2001
"39091","4",187495,2001
"39091","5",11461,2001
"39091","6",978109,2001
"39091","7",5101,2001
"39093","1",1239956,2001
"39093","2",360818,2001
"39093","3",2525,2001
"39093","4",302605,2001
"39093","5",9836,2001
"39093","6",623454,2001
"39093","7",113904,2001
"39093","0",4060,2001
"39095","1",737017,2001
"39095","2",437158,2001
"39095","3",6283,2001
"39095","4",120480,2001
"39095","5",17537,2001
"39095","6",356345,2001
"39095","7",39180,2001
"39095","0",793,2001
"39097","1",4299,2001
"39097","2",82879,2001
"39097","3",303,2001
"39097","4",48251,2001
"39097","5",10661,2001
"39097","6",1194708,2001
"39097","7",1749,2001
"39099","1",33282,2001
"39099","2",352579,2001
"39099","3",2219,2001
"39099","4",380560,2001
"39099","5",37000,2001
"39099","6",392272,2001
"39099","7",25676,2001
"39101","1",6719,2001
"39101","2",125092,2001
"39101","3",1076,2001
"39101","4",75800,2001
"39101","5",10209,2001
"39101","6",938065,2001
"39101","7",5960,2001
"39103","1",10010,2001
"39103","2",241606,2001
"39103","3",246,2001
"39103","4",368374,2001
"39103","5",15869,2001
"39103","6",541043,2001
"39103","7",40196,2001
"39105","1",11388,2001
"39105","2",90205,2001
"39105","3",2498,2001
"39105","4",845528,2001
"39105","5",16647,2001
"39105","6",279212,2001
"39105","7",601,2001
"39107","1",48142,2001
"39107","2",117896,2001
"39107","3",41,2001
"39107","4",58045,2001
"39107","5",14999,2001
"39107","6",1115228,2001
"39107","7",8051,2001
"39109","1",7545,2001
"39109","2",152356,2001
"39109","3",571,2001
"39109","4",85082,2001
"39109","5",18816,2001
"39109","6",909919,2001
"39109","7",4604,2001
"39111","1",6558,2001
"39111","2",95487,2001
"39111","3",136,2001
"39111","4",999308,2001
"39111","5",21326,2001
"39111","6",193516,2001
"39111","7",123,2001
"39113","1",14253,2001
"39113","2",583132,2001
"39113","3",976,2001
"39113","4",152913,2001
"39113","5",6948,2001
"39113","6",573567,2001
"39113","7",4466,2001
"39115","1",12970,2001
"39115","2",81405,2001
"39115","3",3621,2001
"39115","4",808544,2001
"39115","5",35275,2001
"39115","6",271398,2001
"39115","7",590,2001
"39117","1",4889,2001
"39117","2",83889,2001
"39117","4",300681,2001
"39117","5",6246,2001
"39117","6",771720,2001
"39117","7",4473,2001
"39119","1",27918,2001
"39119","2",189135,2001
"39119","3",2066,2001
"39119","4",1065787,2001
"39119","5",67399,2001
"39119","6",579380,2001
"39119","7",3847,2001
"39121","1",15910,2001
"39121","2",89601,2001
"39121","3",3318,2001
"39121","4",797182,2001
"39121","5",47722,2001
"39121","6",209813,2001
"39121","7",702,2001
"39123","1",950453,2001
"39123","2",116087,2001
"39123","3",11795,2001
"39123","4",27916,2001
"39123","5",18080,2001
"39123","6",464153,2001
"39123","7",94463,2001
"39123","0",732,2001
"39125","1",10540,2001
"39125","2",87168,2001
"39125","3",2682,2001
"39125","4",48595,2001
"39125","5",10416,2001
"39125","6",1036800,2001
"39125","7",9152,2001
"39127","1",8517,2001
"39127","2",95239,2001
"39127","3",1958,2001
"39127","4",685385,2001
"39127","5",19397,2001
"39127","6",374223,2001
"39127","7",2331,2001
"39129","1",19777,2001
"39129","2",103212,2001
"39129","3",310,2001
"39129","4",126421,2001
"39129","5",3572,2001
"39129","6",1201916,2001
"39129","7",2554,2001
"39131","1",8851,2001
"39131","2",84075,2001
"39131","3",1952,2001
"39131","4",768742,2001
"39131","5",111152,2001
"39131","6",302775,2001
"39131","7",111,2001
"39133","1",53865,2001
"39133","2",242092,2001
"39133","3",1256,2001
"39133","4",562577,2001
"39133","5",72253,2001
"39133","6",477995,2001
"39133","7",40519,2001
"39135","1",6099,2001
"39135","2",99096,2001
"39135","3",121,2001
"39135","4",170828,2001
"39135","5",10920,2001
"39135","6",937645,2001
"39135","7",2545,2001
"39137","1",5643,2001
"39137","2",109313,2001
"39137","3",1718,2001
"39137","4",44275,2001
"39137","5",12899,2001
"39137","6",1214707,2001
"39137","7",5139,2001
"39139","1",13350,2001
"39139","2",200172,2001
"39139","3",76,2001
"39139","4",485616,2001
"39139","5",13558,2001
"39139","6",718652,2001
"39139","7",7683,2001
"39141","1",14855,2001
"39141","2",133608,2001
"39141","3",1282,2001
"39141","4",911920,2001
"39141","5",82202,2001
"39141","6",849563,2001
"39141","7",935,2001
"39143","1",26753,2001
"39143","2",137870,2001
"39143","3",8429,2001
"39143","4",73274,2001
"39143","5",13324,2001
"39143","6",898063,2001
"39143","7",44355,2001
"39145","1",12892,2001
"39145","2",138776,2001
"39145","3",1419,2001
"39145","4",1161790,2001
"39145","5",111288,2001
"39145","6",346165,2001
"39145","7",795,2001
"39147","1",6700,2001
"39147","2",140709,2001
"39147","3",4741,2001
"39147","4",127787,2001
"39147","5",13052,2001
"39147","6",1295077,2001
"39147","7",2736,2001
"39149","1",7875,2001
"39149","2",109990,2001
"39149","3",179,2001
"39149","4",101522,2001
"39149","5",20691,2001
"39149","6",939235,2001
"39149","7",2378,2001
"39151","1",20318,2001
"39151","2",512832,2001
"39151","3",1948,2001
"39151","4",403308,2001
"39151","5",33059,2001
"39151","6",685282,2001
"39151","7",14031,2001
"39153","1",23735,2001
"39153","2",655977,2001
"39153","3",655,2001
"39153","4",361644,2001
"39153","5",32875,2001
"39153","6",100902,2001
"39153","7",33258,2001
"39155","1",61662,2001
"39155","2",352229,2001
"39155","3",995,2001
"39155","4",614132,2001
"39155","5",83481,2001
"39155","6",576378,2001
"39155","7",143020,2001
"39157","1",23051,2001
"39157","2",181443,2001
"39157","3",2383,2001
"39157","4",879702,2001
"39157","5",33420,2001
"39157","6",512106,2001
"39157","7",12385,2001
"39159","1",3860,2001
"39159","2",106289,2001
"39159","3",920,2001
"39159","4",94379,2001
"39159","5",13809,2001
"39159","6",1036395,2001
"39159","7",1574,2001
"39161","1",1822,2001
"39161","2",99614,2001
"39161","3",106,2001
"39161","4",34323,2001
"39161","5",11223,2001
"39161","6",1032612,2001
"39161","7",1394,2001
"39163","1",5202,2001
"39163","2",73624,2001
"39163","3",7966,2001
"39163","4",942869,2001
"39163","5",28508,2001
"39163","6",135134,2001
"39163","7",894,2001
"39165","1",20144,2001
"39165","2",264001,2001
"39165","3",812,2001
"39165","4",331138,2001
"39165","5",18245,2001
"39165","6",535885,2001
"39165","7",1934,2001
"39167","1",18690,2001
"39167","2",178048,2001
"39167","3",1181,2001
"39167","4",1210250,2001
"39167","5",14955,2001
"39167","6",418565,2001
"39167","7",94,2001
"39169","1",12971,2001
"39169","2",205748,2001
"39169","3",219,2001
"39169","4",256952,2001
"39169","5",14641,2001
"39169","6",1094046,2001
"39169","7",17787,2001
"39171","1",6674,2001
"39171","2",110365,2001
"39171","3",858,2001
"39171","4",60092,2001
"39171","5",2055,2001
"39171","6",959699,2001
"39171","7",77824,2001
"39173","1",12790,2001
"39173","2",244314,2001
"39173","3",5337,2001
"39173","4",68882,2001
"39173","5",18174,2001
"39173","6",1430138,2001
"39173","7",5993,2001
"39175","1",8596,2001
"39175","2",89160,2001
"39175","3",4254,2001
"39175","4",97693,2001
"39175","5",22038,2001
"39175","6",943131,2001
"39175","7",7983,2001
"42007","1",26743,2001
"42007","2",286977,2001
"42007","3",1377,2001
"42007","4",742515,2001
"42007","5",17927,2001
"42007","6",199603,2001
"42007","7",2726,2001
"42039","1",106195,2001
"42039","2",221060,2001
"42039","3",847,2001
"42039","4",1479392,2001
"42039","5",65752,2001
"42039","6",968407,2001
"42039","7",144071,2001
"42049","1",2172995,2001
"42049","2",327174,2001
"42049","3",5106,2001
"42049","4",932955,2001
"42049","5",66490,2001
"42049","6",793135,2001
"42049","7",178098,2001
"42049","0",8261,2001
"42073","1",13971,2001
"42073","2",176442,2001
"42073","3",2379,2001
"42073","4",451120,2001
"42073","5",21714,2001
"42073","6",366181,2001
"42073","7",11993,2001
"42085","1",44146,2001
"42085","2",236283,2001
"42085","3",477,2001
"42085","4",868403,2001
"42085","5",45140,2001
"42085","6",743330,2001
"42085","7",26599,2001
"54009","1",10278,2001
"54009","2",40943,2001
"54009","3",507,2001
"54009","4",175213,2001
"54009","5",5526,2001
"54009","6",33597,2001
"54009","7",332,2001
"54011","1",20127,2001
"54011","2",119344,2001
"54011","3",1052,2001
"54011","4",592569,2001
"54011","5",22321,2001
"54011","6",72432,2001
"54011","7",1010,2001
"54029","1",15982,2001
"54029","2",46676,2001
"54029","3",95,2001
"54029","4",156398,2001
"54029","5",6404,2001
"54029","6",27536,2001
"54029","7",40,2001
"54035","1",21882,2001
"54035","2",104377,2001
"54035","3",500,2001
"54035","4",1010712,2001
"54035","5",7909,2001
"54035","6",211340,2001
"54035","7",543,2001
"54051","1",21131,2001
"54051","2",79085,2001
"54051","3",205,2001
"54051","4",669801,2001
"54051","5",15741,2001
"54051","6",111770,2001
"54051","7",582,2001
"54053","1",41010,2001
"54053","2",97864,2001
"54053","3",1332,2001
"54053","4",865065,2001
"54053","5",17674,2001
"54053","6",255521,2001
"54053","7",1308,2001
"54069","1",8817,2001
"54069","2",61170,2001
"54069","3",452,2001
"54069","4",186944,2001
"54069","5",5829,2001
"54069","6",50507,2001
"54069","7",23,2001
"54073","1",14968,2001
"54073","2",30903,2001
"54073","3",237,2001
"54073","4",314458,2001
"54073","5",3184,2001
"54073","6",23441,2001
"54073","7",2,2001
"54095","1",12219,2001
"54095","2",38938,2001
"54095","3",47,2001
"54095","4",624572,2001
"54095","5",3774,2001
"54095","6",70655,2001
"54095","7",60,2001
"54099","1",18313,2001
"54099","2",127663,2001
"54099","3",4611,2001
"54099","4",1192454,2001
"54099","5",79314,2001
"54099","6",50877,2001
"54099","7",533,2001
"54103","1",8007,2001
"54103","2",63233,2001
"54103","3",93,2001
"54103","4",928638,2001
"54103","5",5517,2001
"54103","6",34241,2001
"54103","7",105,2001
"54107","1",30643,2001
"54107","2",157212,2001
"54107","3",324,2001
"54107","4",724165,2001
"54107","5",8411,2001
"54107","6",163325,2001
"54107","7",157,2001
"18001","1",2943,2006
"18001","2",78406,2006
"18001","3",266,2006
"18001","4",45040,2006
"18001","5",14502,2006
"18001","6",831773,2006
"18001","7",5406,2006
"18003","1",19537,2006
"18003","2",466797,2006
"18003","3",4417,2006
"18003","4",150850,2006
"18003","5",20757,2006
"18003","6",1212810,2006
"18003","7",24226,2006
"18029","1",8571,2006
"18029","2",77796,2006
"18029","3",306,2006
"18029","4",480193,2006
"18029","5",30309,2006
"18029","6",285192,2006
"18029","7",2270,2006
"18033","1",6605,2006
"18033","2",96845,2006
"18033","3",372,2006
"18033","4",117645,2006
"18033","5",14536,2006
"18033","6",768002,2006
"18033","7",43072,2006
"18047","1",18989,2006
"18047","2",56785,2006
"18047","3",646,2006
"18047","4",580307,2006
"18047","5",29137,2006
"18047","6",438942,2006
"18047","7",542,2006
"18075","1",1818,2006
"18075","2",76089,2006
"18075","3",211,2006
"18075","4",91148,2006
"18075","5",8147,2006
"18075","6",922994,2006
"18075","7",4904,2006
"18135","1",2288,2006
"18135","2",94617,2006
"18135","3",28,2006
"18135","4",84140,2006
"18135","5",9382,2006
"18135","6",1110365,2006
"18135","7",3711,2006
"18151","1",43178,2006
"18151","2",96775,2006
"18151","3",686,2006
"18151","4",55072,2006
"18151","5",5821,2006
"18151","6",556030,2006
"18151","7",170422,2006
"18161","1",10991,2006
"18161","2",32045,2006
"18161","3",52,2006
"18161","4",99612,2006
"18161","5",1791,2006
"18161","6",329942,2006
"18161","7",906,2006
"18177","1",3924,2006
"18177","2",135665,2006
"18177","3",27,2006
"18177","4",165037,2006
"18177","5",17074,2006
"18177","6",839200,2006
"18177","7",2668,2006
"21015","1",32464,2006
"21015","2",141528,2006
"21015","3",1121,2006
"21015","4",332228,2006
"21015","5",23185,2006
"21015","6",205603,2006
"21015","7",1900,2006
"21019","1",6139,2006
"21019","2",97755,2006
"21019","3",962,2006
"21019","4",268424,2006
"21019","5",29854,2006
"21019","6",63110,2006
"21023","1",18121,2006
"21023","2",28234,2006
"21023","3",313,2006
"21023","4",371905,2006
"21023","5",21274,2006
"21023","6",161421,2006
"21023","7",41,2006
"21037","1",24484,2006
"21037","2",92841,2006
"21037","3",78,2006
"21037","4",217114,2006
"21037","5",14418,2006
"21037","6",108736,2006
"21037","7",1103,2006
"21089","1",26432,2006
"21089","2",104156,2006
"21089","3",1691,2006
"21089","4",680837,2006
"21089","5",65976,2006
"21089","6",140917,2006
"21089","7",19,2006
"21117","1",7536,2006
"21117","2",130184,2006
"21117","3",137,2006
"21117","4",214005,2006
"21117","5",12824,2006
"21117","6",107247,2006
"21117","7",1013,2006
"21135","1",34376,2006
"21135","2",74245,2006
"21135","3",345,2006
"21135","4",1041334,2006
"21135","5",72490,2006
"21135","6",202759,2006
"21135","7",35,2006
"21161","1",16570,2006
"21161","2",51230,2006
"21161","3",793,2006
"21161","4",251383,2006
"21161","5",11094,2006
"21161","6",378035,2006
"21161","7",40,2006
"21191","1",8113,2006
"21191","2",47595,2006
"21191","3",1603,2006
"21191","4",464764,2006
"21191","5",45131,2006
"21191","6",242738,2006
"21191","7",1342,2006
"26023","1",36837,2006
"26023","2",121799,2006
"26023","3",2902,2006
"26023","4",140663,2006
"26023","5",9343,2006
"26023","6",967185,2006
"26023","7",216771,2006
"26059","1",20007,2006
"26059","2",140247,2006
"26059","3",3434,2006
"26059","4",267227,2006
"26059","5",16332,2006
"26059","6",1091157,2006
"26059","7",208425,2006
"26091","1",31772,2006
"26091","2",210419,2006
"26091","3",4027,2006
"26091","4",199426,2006
"26091","5",16540,2006
"26091","6",1563287,2006
"26091","7",165685,2006
"26115","1",363245,2006
"26115","2",293858,2006
"26115","3",16200,2006
"26115","4",169425,2006
"26115","5",27661,2006
"26115","6",1010481,2006
"26115","7",76032,2006
"26115","0",28,2006
"39001","1",7928,2006
"39001","2",82097,2006
"39001","3",5075,2006
"39001","4",1013896,2006
"39001","5",82333,2006
"39001","6",495025,2006
"39001","7",733,2006
"39003","1",9769,2006
"39003","2",212050,2006
"39003","3",468,2006
"39003","4",88080,2006
"39003","5",21002,2006
"39003","6",835917,2006
"39003","7",3520,2006
"39005","1",10276,2006
"39005","2",109429,2006
"39005","3",29,2006
"39005","4",410514,2006
"39005","5",10169,2006
"39005","6",675200,2006
"39005","7",12602,2006
"39007","1",1912370,2006
"39007","2",220531,2006
"39007","3",3400,2006
"39007","4",867820,2006
"39007","5",115632,2006
"39007","6",698726,2006
"39007","7",99852,2006
"39007","0",18158,2006
"39009","1",9365,2006
"39009","2",123542,2006
"39009","3",1069,2006
"39009","4",1029150,2006
"39009","5",20532,2006
"39009","6",279140,2006
"39009","7",370,2006
"39011","1",14784,2006
"39011","2",113811,2006
"39011","3",127,2006
"39011","4",77781,2006
"39011","5",19105,2006
"39011","6",928296,2006
"39011","7",2701,2006
"39013","1",17499,2006
"39013","2",148047,2006
"39013","3",19609,2006
"39013","4",905871,2006
"39013","5",45211,2006
"39013","6",419183,2006
"39013","7",2240,2006
"39015","1",10072,2006
"39015","2",91315,2006
"39015","3",1370,2006
"39015","4",524957,2006
"39015","5",44672,2006
"39015","6",747063,2006
"39015","7",583,2006
"39017","1",14328,2006
"39017","2",438915,2006
"39017","3",2008,2006
"39017","4",254106,2006
"39017","5",11592,2006
"39017","6",629945,2006
"39017","7",2030,2006
"39019","1",15772,2006
"39019","2",80154,2006
"39019","3",1417,2006
"39019","4",639126,2006
"39019","5",23256,2006
"39019","6",385108,2006
"39019","7",3207,2006
"39021","1",5495,2006
"39021","2",88615,2006
"39021","3",282,2006
"39021","4",123918,2006
"39021","5",17510,2006
"39021","6",999697,2006
"39021","7",1435,2006
"39023","1",16703,2006
"39023","2",204555,2006
"39023","3",661,2006
"39023","4",89664,2006
"39023","5",21920,2006
"39023","6",821774,2006
"39023","7",3085,2006
"39025","1",17684,2006
"39025","2",206391,2006
"39025","3",614,2006
"39025","4",652460,2006
"39025","5",34241,2006
"39025","6",408695,2006
"39025","7",3019,2006
"39027","1",5910,2006
"39027","2",95132,2006
"39027","3",1114,2006
"39027","4",171081,2006
"39027","5",1421,2006
"39027","6",911652,2006
"39027","7",166,2006
"39029","1",13742,2006
"39029","2",215351,2006
"39029","3",6200,2006
"39029","4",680386,2006
"39029","5",28440,2006
"39029","6",589385,2006
"39029","7",5322,2006
"39031","1",19976,2006
"39031","2",126816,2006
"39031","3",3380,2006
"39031","4",906452,2006
"39031","5",14776,2006
"39031","6",552331,2006
"39031","7",9349,2006
"39033","1",3514,2006
"39033","2",115072,2006
"39033","3",2153,2006
"39033","4",108890,2006
"39033","5",7458,2006
"39033","6",920476,2006
"39033","7",1305,2006
"39035","1",2259250,2006
"39035","2",1020478,2006
"39035","3",1462,2006
"39035","4",233048,2006
"39035","5",21218,2006
"39035","6",14282,2006
"39035","7",25162,2006
"39035","0",9440,2006
"39037","1",2940,2006
"39037","2",136614,2006
"39037","3",755,2006
"39037","4",86652,2006
"39037","5",23129,2006
"39037","6",1473596,2006
"39037","7",2282,2006
"39039","1",12047,2006
"39039","2",100732,2006
"39039","3",4463,2006
"39039","4",93672,2006
"39039","5",5140,2006
"39039","6",940068,2006
"39039","7",35815,2006
"39041","1",42322,2006
"39041","2",236841,2006
"39041","3",1768,2006
"39041","4",242522,2006
"39041","5",12953,2006
"39041","6",776533,2006
"39041","7",3138,2006
"39043","1",1075953,2006
"39043","2",140492,2006
"39043","3",13440,2006
"39043","4",129141,2006
"39043","5",4070,2006
"39043","6",420291,2006
"39043","7",17823,2006
"39043","0",198,2006
"39045","1",12552,2006
"39045","2",187604,2006
"39045","3",68,2006
"39045","4",373345,2006
"39045","5",12106,2006
"39045","6",874009,2006
"39045","7",3815,2006
"39047","1",2829,2006
"39047","2",78617,2006
"39047","3",609,2006
"39047","4",56676,2006
"39047","5",3743,2006
"39047","6",1028173,2006
"39047","7",639,2006
"39049","1",24686,2006
"39049","2",961538,2006
"39049","3",7403,2006
"39049","4",151401,2006
"39049","5",12049,2006
"39049","6",403509,2006
"39049","7",3498,2006
"39051","1",3427,2006
"39051","2",106412,2006
"39051","3",979,2006
"39051","4",67599,2006
"39051","5",6261,2006
"39051","6",974299,2006
"39051","7",12925,2006
"39053","1",10288,2006
"39053","2",105685,2006
"39053","3",4771,2006
"39053","4",814203,2006
"39053","5",59199,2006
"39053","6",360750,2006
"39053","7",1086,2006
"39055","1",24340,2006
"39055","2",202173,2006
"39055","3",2187,2006
"39055","4",558424,2006
"39055","5",79689,2006
"39055","6",285630,2006
"39055","7",22527,2006
"39057","1",6278,2006
"39057","2",254857,2006
"39057","3",2508,2006
"39057","4",138527,2006
"39057","5",9701,2006
"39057","6",782881,2006
"39057","7",3157,2006
"39059","1",23583,2006
"39059","2",142092,2006
"39059","3",2637,2006
"39059","4",956246,2006
"39059","5",32297,2006
"39059","6",359112,2006
"39059","7",4364,2006
"39061","1",19891,2006
"39061","2",664006,2006
"39061","3",2594,2006
"39061","4",382214,2006
"39061","5",14224,2006
"39061","6",101386,2006
"39061","7",3151,2006
"39063","1",8945,2006
"39063","2",174418,2006
"39063","3",2103,2006
"39063","4",90167,2006
"39063","5",20537,2006
"39063","6",1235157,2006
"39063","7",4420,2006
"39065","1",1861,2006
"39065","2",96183,2006
"39065","3",424,2006
"39065","4",93850,2006
"39065","5",19454,2006
"39065","6",1140570,2006
"39065","7",2062,2006
"39067","1",24674,2006
"39067","2",84131,2006
"39067","3",12188,2006
"39067","4",743746,2006
"39067","5",29139,2006
"39067","6",284995,2006
"39067","7",3206,2006
"39069","1",11961,2006
"39069","2",97168,2006
"39069","3",637,2006
"39069","4",48070,2006
"39069","5",6686,2006
"39069","6",1039364,2006
"39069","7",4054,2006
"39071","1",14786,2006
"39071","2",99844,2006
"39071","3",2871,2006
"39071","4",478435,2006
"39071","5",42172,2006
"39071","6",966686,2006
"39071","7",405,2006
"39073","1",5412,2006
"39073","2",78288,2006
"39073","3",667,2006
"39073","4",967387,2006
"39073","5",13113,2006
"39073","6",153576,2006
"39073","7",658,2006
"39075","1",6147,2006
"39075","2",95504,2006
"39075","3",1321,2006
"39075","4",459022,2006
"39075","5",12378,2006
"39075","6",639325,2006
"39075","7",6413,2006
"39077","1",11575,2006
"39077","2",129783,2006
"39077","3",2471,2006
"39077","4",242600,2006
"39077","5",2804,2006
"39077","6",1025097,2006
"39077","7",9660,2006
"39079","1",5465,2006
"39079","2",98442,2006
"39079","3",5769,2006
"39079","4",762094,2006
"39079","5",68484,2006
"39079","6",272458,2006
"39079","7",399,2006
"39081","1",12435,2006
"39081","2",141967,2006
"39081","3",6649,2006
"39081","4",772404,2006
"39081","5",22153,2006
"39081","6",226375,2006
"39081","7",674,2006
"39083","1",11472,2006
"39083","2",134743,2006
"39083","3",37,2006
"39083","4",517244,2006
"39083","5",15927,2006
"39083","6",841170,2006
"39083","7",3596,2006
"39085","1",2125838,2006
"39085","2",316186,2006
"39085","3",2385,2006
"39085","4",210892,2006
"39085","5",29671,2006
"39085","6",95585,2006
"39085","7",3175,2006
"39085","0",34181,2006
"39087","1",7816,2006
"39087","2",122955,2006
"39087","3",1226,2006
"39087","4",953801,2006
"39087","5",52837,2006
"39087","6",175208,2006
"39087","7",2072,2006
"39089","1",10335,2006
"39089","2",228574,2006
"39089","3",379,2006
"39089","4",717074,2006
"39089","5",23020,2006
"39089","6",994275,2006
"39089","7",4757,2006
"39091","1",27588,2006
"39091","2",132965,2006
"39091","3",1317,2006
"39091","4",187279,2006
"39091","5",11458,2006
"39091","6",977576,2006
"39091","7",5087,2006
"39093","1",1239903,2006
"39093","2",385445,2006
"39093","3",3227,2006
"39093","4",293276,2006
"39093","5",9664,2006
"39093","6",609627,2006
"39093","7",111956,2006
"39093","0",4060,2006
"39095","1",736801,2006
"39095","2",446835,2006
"39095","3",6755,2006
"39095","4",119652,2006
"39095","5",17355,2006
"39095","6",347960,2006
"39095","7",38642,2006
"39095","0",793,2006
"39097","1",4324,2006
"39097","2",83793,2006
"39097","3",299,2006
"39097","4",48220,2006
"39097","5",10665,2006
"39097","6",1193800,2006
"39097","7",1749,2006
"39099","1",32674,2006
"39099","2",359978,2006
"39099","3",5031,2006
"39099","4",374372,2006
"39099","5",36598,2006
"39099","6",388599,2006
"39099","7",26336,2006
"39101","1",6385,2006
"39101","2",126299,2006
"39101","3",1037,2006
"39101","4",75717,2006
"39101","5",10116,2006
"39101","6",937721,2006
"39101","7",5646,2006
"39103","1",9895,2006
"39103","2",263794,2006
"39103","3",1093,2006
"39103","4",359936,2006
"39103","5",14859,2006
"39103","6",528490,2006
"39103","7",39277,2006
"39105","1",11183,2006
"39105","2",91852,2006
"39105","3",2573,2006
"39105","4",845574,2006
"39105","5",16948,2006
"39105","6",277348,2006
"39105","7",601,2006
"39107","1",48101,2006
"39107","2",118653,2006
"39107","3",210,2006
"39107","4",58022,2006
"39107","5",14962,2006
"39107","6",1114376,2006
"39107","7",8078,2006
"39109","1",7536,2006
"39109","2",160681,2006
"39109","3",796,2006
"39109","4",84840,2006
"39109","5",18648,2006
"39109","6",901818,2006
"39109","7",4574,2006
"39111","1",5964,2006
"39111","2",95485,2006
"39111","3",812,2006
"39111","4",998632,2006
"39111","5",21849,2006
"39111","6",193605,2006
"39111","7",107,2006
"39113","1",13848,2006
"39113","2",595424,2006
"39113","3",1323,2006
"39113","4",150705,2006
"39113","5",6922,2006
"39113","6",563504,2006
"39113","7",4529,2006
"39115","1",12970,2006
"39115","2",81415,2006
"39115","3",3204,2006
"39115","4",808127,2006
"39115","5",36093,2006
"39115","6",271404,2006
"39115","7",590,2006
"39117","1",4902,2006
"39117","2",83957,2006
"39117","4",300332,2006
"39117","5",6236,2006
"39117","6",771985,2006
"39117","7",4486,2006
"39119","1",27880,2006
"39119","2",193274,2006
"39119","3",7160,2006
"39119","4",1057829,2006
"39119","5",69461,2006
"39119","6",576044,2006
"39119","7",3884,2006
"39121","1",15939,2006
"39121","2",89601,2006
"39121","3",4485,2006
"39121","4",795085,2006
"39121","5",47831,2006
"39121","6",210617,2006
"39121","7",690,2006
"39123","1",950411,2006
"39123","2",116557,2006
"39123","3",11428,2006
"39123","4",27910,2006
"39123","5",18176,2006
"39123","6",463840,2006
"39123","7",94625,2006
"39123","0",732,2006
"39125","1",11058,2006
"39125","2",87410,2006
"39125","3",2604,2006
"39125","4",48592,2006
"39125","5",10352,2006
"39125","6",1036199,2006
"39125","7",9138,2006
"39127","1",8462,2006
"39127","2",95294,2006
"39127","3",2312,2006
"39127","4",684673,2006
"39127","5",19488,2006
"39127","6",374491,2006
"39127","7",2330,2006
"39129","1",19212,2006
"39129","2",105090,2006
"39129","3",385,2006
"39129","4",125726,2006
"39129","5",3562,2006
"39129","6",1200315,2006
"39129","7",3472,2006
"39131","1",8881,2006
"39131","2",85335,2006
"39131","3",1815,2006
"39131","4",769340,2006
"39131","5",110234,2006
"39131","6",301947,2006
"39131","7",106,2006
"39133","1",52666,2006
"39133","2",252655,2006
"39133","3",1936,2006
"39133","4",557165,2006
"39133","5",70700,2006
"39133","6",473111,2006
"39133","7",42324,2006
"39135","1",6131,2006
"39135","2",100509,2006
"39135","3",120,2006
"39135","4",170717,2006
"39135","5",10904,2006
"39135","6",936328,2006
"39135","7",2545,2006
"39137","1",5627,2006
"39137","2",110305,2006
"39137","3",1694,2006
"39137","4",44264,2006
"39137","5",12870,2006
"39137","6",1213759,2006
"39137","7",5175,2006
"39139","1",13645,2006
"39139","2",203932,2006
"39139","3",55,2006
"39139","4",481897,2006
"39139","5",13180,2006
"39139","6",718923,2006
"39139","7",7475,2006
"39141","1",15035,2006
"39141","2",138037,2006
"39141","3",1247,2006
"39141","4",908058,2006
"39141","5",82599,2006
"39141","6",848486,2006
"39141","7",903,2006
"39143","1",26686,2006
"39143","2",139269,2006
"39143","3",8460,2006
"39143","4",73242,2006
"39143","5",13256,2006
"39143","6",896900,2006
"39143","7",44255,2006
"39145","1",13595,2006
"39145","2",142155,2006
"39145","3",1575,2006
"39145","4",1160263,2006
"39145","5",111419,2006
"39145","6",343323,2006
"39145","7",795,2006
"39147","1",6732,2006
"39147","2",142202,2006
"39147","3",5079,2006
"39147","4",127610,2006
"39147","5",12990,2006
"39147","6",1293453,2006
"39147","7",2736,2006
"39149","1",8119,2006
"39149","2",111938,2006
"39149","3",515,2006
"39149","4",101395,2006
"39149","5",20572,2006
"39149","6",936942,2006
"39149","7",2389,2006
"39151","1",20585,2006
"39151","2",525223,2006
"39151","3",7423,2006
"39151","4",395286,2006
"39151","5",33292,2006
"39151","6",675124,2006
"39151","7",13845,2006
"39153","1",23523,2006
"39153","2",674688,2006
"39153","3",2275,2006
"39153","4",349806,2006
"39153","5",30325,2006
"39153","6",96197,2006
"39153","7",32232,2006
"39155","1",59916,2006
"39155","2",358184,2006
"39155","3",1662,2006
"39155","4",610102,2006
"39155","5",83125,2006
"39155","6",574000,2006
"39155","7",144908,2006
"39157","1",22435,2006
"39157","2",184750,2006
"39157","3",14578,2006
"39157","4",866956,2006
"39157","5",34497,2006
"39157","6",508944,2006
"39157","7",12330,2006
"39159","1",3882,2006
"39159","2",109654,2006
"39159","3",918,2006
"39159","4",93898,2006
"39159","5",13748,2006
"39159","6",1033562,2006
"39159","7",1564,2006
"39161","1",1950,2006
"39161","2",100423,2006
"39161","3",311,2006
"39161","4",34321,2006
"39161","5",11216,2006
"39161","6",1031462,2006
"39161","7",1411,2006
"39163","1",5274,2006
"39163","2",73839,2006
"39163","3",6734,2006
"39163","4",937505,2006
"39163","5",31504,2006
"39163","6",138452,2006
"39163","7",889,2006
"39165","1",20134,2006
"39165","2",280569,2006
"39165","3",1040,2006
"39165","4",327120,2006
"39165","5",18088,2006
"39165","6",523257,2006
"39165","7",1951,2006
"39167","1",18690,2006
"39167","2",178281,2006
"39167","3",1222,2006
"39167","4",1209849,2006
"39167","5",15218,2006
"39167","6",418429,2006
"39167","7",94,2006
"39169","1",13057,2006
"39169","2",210882,2006
"39169","3",463,2006
"39169","4",255388,2006
"39169","5",14410,2006
"39169","6",1090501,2006
"39169","7",17663,2006
"39171","1",6851,2006
"39171","2",112013,2006
"39171","3",1146,2006
"39171","4",59433,2006
"39171","5",3011,2006
"39171","6",957696,2006
"39171","7",77417,2006
"39173","1",12480,2006
"39173","2",252529,2006
"39173","3",5630,2006
"39173","4",68925,2006
"39173","5",17827,2006
"39173","6",1422004,2006
"39173","7",6233,2006
"39175","1",8369,2006
"39175","2",89178,2006
"39175","3",5059,2006
"39175","4",97758,2006
"39175","5",22042,2006
"39175","6",942036,2006
"39175","7",8413,2006
"42007","1",25838,2006
"42007","2",291948,2006
"42007","3",3518,2006
"42007","4",737375,2006
"42007","5",17617,2006
"42007","6",198779,2006
"42007","7",2793,2006
"42039","1",106281,2006
"42039","2",221664,2006
"42039","3",805,2006
"42039","4",1479266,2006
"42039","5",65376,2006
"42039","6",968016,2006
"42039","7",144316,2006
"42049","1",2172785,2006
"42049","2",338921,2006
"42049","3",5503,2006
"42049","4",928520,2006
"42049","5",63933,2006
"42049","6",788213,2006
"42049","7",178078,2006
"42049","0",8261,2006
"42073","1",13997,2006
"42073","2",178376,2006
"42073","3",3987,2006
"42073","4",448639,2006
"42073","5",21686,2006
"42073","6",364853,2006
"42073","7",12262,2006
"42085","1",44249,2006
"42085","2",238988,2006
"42085","3",663,2006
"42085","4",867191,2006
"42085","5",44805,2006
"42085","6",741785,2006
"42085","7",26697,2006
"54009","1",9926,2006
"54009","2",42309,2006
"54009","3",1940,2006
"54009","4",172881,2006
"54009","5",5677,2006
"54009","6",33346,2006
"54009","7",317,2006
"54011","1",20146,2006
"54011","2",121973,2006
"54011","3",518,2006
"54011","4",591936,2006
"54011","5",22287,2006
"54011","6",71013,2006
"54011","7",982,2006
"54029","1",15667,2006
"54029","2",47559,2006
"54029","3",486,2006
"54029","4",155454,2006
"54029","5",6347,2006
"54029","6",27562,2006
"54029","7",56,2006
"54035","1",21882,2006
"54035","2",104694,2006
"54035","3",500,2006
"54035","4",1010695,2006
"54035","5",7883,2006
"54035","6",211066,2006
"54035","7",543,2006
"54051","1",20808,2006
"54051","2",80370,2006
"54051","3",1805,2006
"54051","4",667695,2006
"54051","5",15495,2006
"54051","6",111567,2006
"54051","7",575,2006
"54053","1",40996,2006
"54053","2",98085,2006
"54053","3",1267,2006
"54053","4",864767,2006
"54053","5",17898,2006
"54053","6",255398,2006
"54053","7",1363,2006
"54069","1",8765,2006
"54069","2",64988,2006
"54069","3",1701,2006
"54069","4",183357,2006
"54069","5",5130,2006
"54069","6",49778,2006
"54069","7",23,2006
"54073","1",14966,2006
"54073","2",30904,2006
"54073","3",237,2006
"54073","4",314432,2006
"54073","5",3184,2006
"54073","6",23440,2006
"54073","7",30,2006
"54095","1",12219,2006
"54095","2",38938,2006
"54095","3",47,2006
"54095","4",624572,2006
"54095","5",3774,2006
"54095","6",70655,2006
"54095","7",60,2006
"54099","1",18443,2006
"54099","2",128588,2006
"54099","3",4876,2006
"54099","4",1192095,2006
"54099","5",80061,2006
"54099","6",49169,2006
"54099","7",533,2006
"54103","1",8007,2006
"54103","2",63233,2006
"54103","3",106,2006
"54103","4",928566,2006
"54103","5",5529,2006
"54103","6",34288,2006
"54103","7",105,2006
"54107","1",30628,2006
"54107","2",158970,2006
"54107","3",377,2006
"54107","4",723080,2006
"54107","5",8373,2006
"54107","6",162605,2006
"54107","7",204,2006
"18001","1",3047,2011
"18001","2",79515,2011
"18001","3",207,2011
"18001","4",44813,2011
"18001","5",14560,2011
"18001","6",830774,2011
"18001","7",5420,2011
"18003","1",19748,2011
"18003","2",475175,2011
"18003","3",4359,2011
"18003","4",150084,2011
"18003","5",20525,2011
"18003","6",1205326,2011
"18003","7",24177,2011
"18029","1",8490,2011
"18029","2",79115,2011
"18029","3",427,2011
"18029","4",479167,2011
"18029","5",30501,2011
"18029","6",284384,2011
"18029","7",2553,2011
"18033","1",6709,2011
"18033","2",97363,2011
"18033","3",370,2011
"18033","4",116666,2011
"18033","5",13182,2011
"18033","6",769709,2011
"18033","7",43078,2011
"18047","1",19120,2011
"18047","2",56897,2011
"18047","3",999,2011
"18047","4",578742,2011
"18047","5",28560,2011
"18047","6",440237,2011
"18047","7",793,2011
"18075","1",1788,2011
"18075","2",77004,2011
"18075","3",236,2011
"18075","4",90858,2011
"18075","5",8262,2011
"18075","6",922265,2011
"18075","7",4898,2011
"18135","1",2288,2011
"18135","2",95576,2011
"18135","3",42,2011
"18135","4",83835,2011
"18135","5",9387,2011
"18135","6",1109692,2011
"18135","7",3711,2011
"18151","1",43248,2011
"18151","2",97185,2011
"18151","3",688,2011
"18151","4",54908,2011
"18151","5",5825,2011
"18151","6",555728,2011
"18151","7",170402,2011
"18161","1",11006,2011
"18161","2",32167,2011
"18161","3",52,2011
"18161","4",99387,2011
"18161","5",1804,2011
"18161","6",329960,2011
"18161","7",963,2011
"18177","1",3986,2011
"18177","2",136613,2011
"18177","3",54,2011
"18177","4",164586,2011
"18177","5",17415,2011
"18177","6",838236,2011
"18177","7",2705,2011
"21015","1",32540,2011
"21015","2",148831,2011
"21015","3",1241,2011
"21015","4",329132,2011
"21015","5",23149,2011
"21015","6",201228,2011
"21015","7",1908,2011
"21019","1",6123,2011
"21019","2",98516,2011
"21019","3",1275,2011
"21019","4",266953,2011
"21019","5",30689,2011
"21019","6",62688,2011
"21023","1",18160,2011
"21023","2",28234,2011
"21023","3",505,2011
"21023","4",370153,2011
"21023","5",22803,2011
"21023","6",161374,2011
"21023","7",80,2011
"21037","1",24491,2011
"21037","2",94062,2011
"21037","3",284,2011
"21037","4",216301,2011
"21037","5",14420,2011
"21037","6",108113,2011
"21037","7",1103,2011
"21089","1",26301,2011
"21089","2",105886,2011
"21089","3",1679,2011
"21089","4",678433,2011
"21089","5",67770,2011
"21089","6",139896,2011
"21089","7",63,2011
"21117","1",7531,2011
"21117","2",133451,2011
"21117","3",156,2011
"21117","4",212262,2011
"21117","5",13117,2011
"21117","6",105416,2011
"21117","7",1013,2011
"21135","1",34384,2011
"21135","2",74245,2011
"21135","3",626,2011
"21135","4",1037413,2011
"21135","5",76019,2011
"21135","6",202862,2011
"21135","7",35,2011
"21161","1",16585,2011
"21161","2",51327,2011
"21161","3",959,2011
"21161","4",248811,2011
"21161","5",12975,2011
"21161","6",378429,2011
"21161","7",59,2011
"21191","1",8127,2011
"21191","2",47672,2011
"21191","3",1827,2011
"21191","4",464127,2011
"21191","5",45231,2011
"21191","6",242947,2011
"21191","7",1355,2011
"26023","1",36891,2011
"26023","2",122079,2011
"26023","3",2935,2011
"26023","4",139802,2011
"26023","5",9288,2011
"26023","6",967739,2011
"26023","7",216766,2011
"26059","1",20627,2011
"26059","2",140388,2011
"26059","3",3193,2011
"26059","4",266587,2011
"26059","5",16494,2011
"26059","6",1091136,2011
"26059","7",208404,2011
"26091","1",32606,2011
"26091","2",211638,2011
"26091","3",4226,2011
"26091","4",199169,2011
"26091","5",16922,2011
"26091","6",1561510,2011
"26091","7",165085,2011
"26115","1",363518,2011
"26115","2",300019,2011
"26115","3",16308,2011
"26115","4",167953,2011
"26115","5",27683,2011
"26115","6",1005584,2011
"26115","7",75837,2011
"26115","0",28,2011
"39001","1",7970,2011
"39001","2",82101,2011
"39001","3",5105,2011
"39001","4",1009330,2011
"39001","5",84988,2011
"39001","6",496809,2011
"39001","7",784,2011
"39003","1",9786,2011
"39003","2",215727,2011
"39003","3",455,2011
"39003","4",87366,2011
"39003","5",21107,2011
"39003","6",832858,2011
"39003","7",3507,2011
"39005","1",10321,2011
"39005","2",110503,2011
"39005","3",54,2011
"39005","4",408882,2011
"39005","5",10479,2011
"39005","6",675255,2011
"39005","7",12725,2011
"39007","1",1912203,2011
"39007","2",222731,2011
"39007","3",3123,2011
"39007","4",845853,2011
"39007","5",134438,2011
"39007","6",699258,2011
"39007","7",100725,2011
"39007","0",18158,2011
"39009","1",9362,2011
"39009","2",125357,2011
"39009","3",1884,2011
"39009","4",1023951,2011
"39009","5",23295,2011
"39009","6",278925,2011
"39009","7",394,2011
"39011","1",14829,2011
"39011","2",115081,2011
"39011","3",127,2011
"39011","4",77652,2011
"39011","5",18964,2011
"39011","6",927246,2011
"39011","7",2706,2011
"39013","1",17741,2011
"39013","2",148559,2011
"39013","3",16712,2011
"39013","4",897984,2011
"39013","5",54509,2011
"39013","6",419915,2011
"39013","7",2240,2011
"39015","1",10015,2011
"39015","2",91443,2011
"39015","3",1845,2011
"39015","4",522614,2011
"39015","5",45727,2011
"39015","6",747714,2011
"39015","7",674,2011
"39017","1",14631,2011
"39017","2",449787,2011
"39017","3",2215,2011
"39017","4",252599,2011
"39017","5",11620,2011
"39017","6",619895,2011
"39017","7",2177,2011
"39019","1",15727,2011
"39019","2",80200,2011
"39019","3",1243,2011
"39019","4",636923,2011
"39019","5",25768,2011
"39019","6",384843,2011
"39019","7",3336,2011
"39021","1",5625,2011
"39021","2",89276,2011
"39021","3",316,2011
"39021","4",123683,2011
"39021","5",17637,2011
"39021","6",998993,2011
"39021","7",1422,2011
"39023","1",16984,2011
"39023","2",206469,2011
"39023","3",602,2011
"39023","4",89530,2011
"39023","5",21840,2011
"39023","6",819863,2011
"39023","7",3074,2011
"39025","1",17664,2011
"39025","2",209513,2011
"39025","3",901,2011
"39025","4",649382,2011
"39025","5",34097,2011
"39025","6",408512,2011
"39025","7",3035,2011
"39027","1",6119,2011
"39027","2",97244,2011
"39027","3",1223,2011
"39027","4",170002,2011
"39027","5",2347,2011
"39027","6",909375,2011
"39027","7",166,2011
"39029","1",13655,2011
"39029","2",215957,2011
"39029","3",5849,2011
"39029","4",676495,2011
"39029","5",32056,2011
"39029","6",589230,2011
"39029","7",5584,2011
"39031","1",19948,2011
"39031","2",126927,2011
"39031","3",5353,2011
"39031","4",902035,2011
"39031","5",15534,2011
"39031","6",553626,2011
"39031","7",9657,2011
"39033","1",3602,2011
"39033","2",116001,2011
"39033","3",2130,2011
"39033","4",108709,2011
"39033","5",7344,2011
"39033","6",919622,2011
"39033","7",1460,2011
"39035","1",2259217,2011
"39035","2",1028414,2011
"39035","3",1353,2011
"39035","4",227563,2011
"39035","5",20436,2011
"39035","6",13485,2011
"39035","7",24432,2011
"39035","0",9440,2011
"39037","1",2936,2011
"39037","2",138187,2011
"39037","3",755,2011
"39037","4",86453,2011
"39037","5",23252,2011
"39037","6",1472088,2011
"39037","7",2297,2011
"39039","1",12429,2011
"39039","2",101291,2011
"39039","3",4483,2011
"39039","4",93357,2011
"39039","5",5220,2011
"39039","6",939314,2011
"39039","7",35843,2011
"39041","1",42393,2011
"39041","2",256453,2011
"39041","3",2084,2011
"39041","4",238614,2011
"39041","5",12592,2011
"39041","6",760809,2011
"39041","7",3132,2011
"39043","1",1075941,2011
"39043","2",143150,2011
"39043","3",13293,2011
"39043","4",128032,2011
"39043","5",4345,2011
"39043","6",418506,2011
"39043","7",17943,2011
"39043","0",198,2011
"39045","1",12740,2011
"39045","2",195872,2011
"39045","3",264,2011
"39045","4",371384,2011
"39045","5",11890,2011
"39045","6",867592,2011
"39045","7",3757,2011
"39047","1",2822,2011
"39047","2",80069,2011
"39047","3",618,2011
"39047","4",55552,2011
"39047","5",4644,2011
"39047","6",1026928,2011
"39047","7",653,2011
"39049","1",25819,2011
"39049","2",986392,2011
"39049","3",7841,2011
"39049","4",146430,2011
"39049","5",11577,2011
"39049","6",382604,2011
"39049","7",3421,2011
"39051","1",3506,2011
"39051","2",107804,2011
"39051","3",940,2011
"39051","4",66726,2011
"39051","5",7057,2011
"39051","6",972933,2011
"39051","7",12936,2011
"39053","1",10284,2011
"39053","2",106076,2011
"39053","3",6118,2011
"39053","4",803566,2011
"39053","5",68171,2011
"39053","6",360549,2011
"39053","7",1218,2011
"39055","1",24242,2011
"39055","2",205221,2011
"39055","3",1992,2011
"39055","4",552211,2011
"39055","5",83738,2011
"39055","6",284817,2011
"39055","7",22749,2011
"39057","1",6287,2011
"39057","2",257574,2011
"39057","3",2542,2011
"39057","4",137785,2011
"39057","5",9865,2011
"39057","6",780699,2011
"39057","7",3157,2011
"39059","1",23497,2011
"39059","2",142459,2011
"39059","3",3350,2011
"39059","4",953255,2011
"39059","5",34197,2011
"39059","6",359241,2011
"39059","7",4332,2011
"39061","1",20127,2011
"39061","2",667302,2011
"39061","3",3007,2011
"39061","4",379483,2011
"39061","5",14313,2011
"39061","6",100106,2011
"39061","7",3128,2011
"39063","1",9042,2011
"39063","2",178194,2011
"39063","3",1516,2011
"39063","4",89938,2011
"39063","5",20449,2011
"39063","6",1232188,2011
"39063","7",4420,2011
"39065","1",1918,2011
"39065","2",96425,2011
"39065","3",454,2011
"39065","4",93834,2011
"39065","5",19371,2011
"39065","6",1139830,2011
"39065","7",2572,2011
"39067","1",24553,2011
"39067","2",84142,2011
"39067","3",12351,2011
"39067","4",738101,2011
"39067","5",36545,2011
"39067","6",283095,2011
"39067","7",3292,2011
"39069","1",12040,2011
"39069","2",98406,2011
"39069","3",608,2011
"39069","4",47904,2011
"39069","5",6767,2011
"39069","6",1038165,2011
"39069","7",4050,2011
"39071","1",15319,2011
"39071","2",100074,2011
"39071","3",2552,2011
"39071","4",474799,2011
"39071","5",43865,2011
"39071","6",968143,2011
"39071","7",447,2011
"39073","1",5470,2011
"39073","2",79063,2011
"39073","3",1153,2011
"39073","4",963176,2011
"39073","5",15373,2011
"39073","6",154208,2011
"39073","7",658,2011
"39075","1",6170,2011
"39075","2",95567,2011
"39075","3",1593,2011
"39075","4",458554,2011
"39075","5",12288,2011
"39075","6",639378,2011
"39075","7",6560,2011
"39077","1",11592,2011
"39077","2",131557,2011
"39077","3",2471,2011
"39077","4",239634,2011
"39077","5",3834,2011
"39077","6",1025177,2011
"39077","7",9725,2011
"39079","1",5346,2011
"39079","2",98493,2011
"39079","3",7344,2011
"39079","4",738355,2011
"39079","5",89858,2011
"39079","6",273316,2011
"39079","7",399,2011
"39081","1",12396,2011
"39081","2",142263,2011
"39081","3",9265,2011
"39081","4",764700,2011
"39081","5",26665,2011
"39081","6",226644,2011
"39081","7",724,2011
"39083","1",11894,2011
"39083","2",135271,2011
"39083","3",198,2011
"39083","4",515895,2011
"39083","5",15493,2011
"39083","6",841735,2011
"39083","7",3703,2011
"39085","1",2125742,2011
"39085","2",320162,2011
"39085","3",2103,2011
"39085","4",205163,2011
"39085","5",31417,2011
"39085","6",94762,2011
"39085","7",4383,2011
"39085","0",34181,2011
"39087","1",7794,2011
"39087","2",123864,2011
"39087","3",1576,2011
"39087","4",951450,2011
"39087","5",54468,2011
"39087","6",174672,2011
"39087","7",2091,2011
"39089","1",10588,2011
"39089","2",239490,2011
"39089","3",825,2011
"39089","4",713340,2011
"39089","5",22760,2011
"39089","6",986667,2011
"39089","7",4744,2011
"39091","1",27632,2011
"39091","2",133402,2011
"39091","3",1448,2011
"39091","4",187028,2011
"39091","5",11596,2011
"39091","6",977036,2011
"39091","7",5128,2011
"39093","1",1239860,2011
"39093","2",399231,2011
"39093","3",2857,2011
"39093","4",284508,2011
"39093","5",10844,2011
"39093","6",604698,2011
"39093","7",111100,2011
"39093","0",4060,2011
"39095","1",736802,2011
"39095","2",458137,2011
"39095","3",6024,2011
"39095","4",116803,2011
"39095","5",16638,2011
"39095","6",341192,2011
"39095","7",38404,2011
"39095","0",793,2011
"39097","1",4396,2011
"39097","2",86100,2011
"39097","3",313,2011
"39097","4",48137,2011
"39097","5",10678,2011
"39097","6",1191477,2011
"39097","7",1749,2011
"39099","1",32629,2011
"39099","2",362772,2011
"39099","3",5105,2011
"39099","4",367624,2011
"39099","5",40754,2011
"39099","6",388166,2011
"39099","7",26538,2011
"39101","1",6922,2011
"39101","2",128464,2011
"39101","3",1175,2011
"39101","4",75378,2011
"39101","5",10095,2011
"39101","6",934612,2011
"39101","7",6275,2011
"39103","1",9884,2011
"39103","2",271059,2011
"39103","3",644,2011
"39103","4",356270,2011
"39103","5",15542,2011
"39103","6",524670,2011
"39103","7",39275,2011
"39105","1",11268,2011
"39105","2",92033,2011
"39105","3",3386,2011
"39105","4",842306,2011
"39105","5",19955,2011
"39105","6",276461,2011
"39105","7",670,2011
"39107","1",48297,2011
"39107","2",119983,2011
"39107","3",197,2011
"39107","4",57941,2011
"39107","5",14933,2011
"39107","6",1112943,2011
"39107","7",8108,2011
"39109","1",7578,2011
"39109","2",162833,2011
"39109","3",796,2011
"39109","4",84604,2011
"39109","5",18610,2011
"39109","6",899913,2011
"39109","7",4559,2011
"39111","1",5956,2011
"39111","2",95613,2011
"39111","3",1197,2011
"39111","4",997333,2011
"39111","5",22710,2011
"39111","6",193446,2011
"39111","7",199,2011
"39113","1",13890,2011
"39113","2",600365,2011
"39113","3",1352,2011
"39113","4",149382,2011
"39113","5",7063,2011
"39113","6",559702,2011
"39113","7",4501,2011
"39115","1",12224,2011
"39115","2",81447,2011
"39115","3",3173,2011
"39115","4",807376,2011
"39115","5",36391,2011
"39115","6",272602,2011
"39115","7",590,2011
"39117","1",4998,2011
"39117","2",84343,2011
"39117","3",35,2011
"39117","4",299045,2011
"39117","5",6313,2011
"39117","6",772665,2011
"39117","7",4499,2011
"39119","1",27705,2011
"39119","2",193983,2011
"39119","3",7337,2011
"39119","4",1054843,2011
"39119","5",69570,2011
"39119","6",578225,2011
"39119","7",3869,2011
"39121","1",15951,2011
"39121","2",89599,2011
"39121","3",6433,2011
"39121","4",792674,2011
"39121","5",47796,2011
"39121","6",211105,2011
"39121","7",690,2011
"39123","1",950790,2011
"39123","2",117375,2011
"39123","3",11253,2011
"39123","4",27887,2011
"39123","5",18146,2011
"39123","6",462892,2011
"39123","7",94604,2011
"39123","0",732,2011
"39125","1",11447,2011
"39125","2",87877,2011
"39125","3",2534,2011
"39125","4",48573,2011
"39125","5",10371,2011
"39125","6",1035383,2011
"39125","7",9168,2011
"39127","1",8644,2011
"39127","2",95517,2011
"39127","3",4503,2011
"39127","4",677806,2011
"39127","5",22133,2011
"39127","6",376117,2011
"39127","7",2330,2011
"39129","1",19265,2011
"39129","2",107988,2011
"39129","3",613,2011
"39129","4",124978,2011
"39129","5",4046,2011
"39129","6",1197344,2011
"39129","7",3528,2011
"39131","1",8770,2011
"39131","2",85497,2011
"39131","3",2598,2011
"39131","4",742624,2011
"39131","5",134401,2011
"39131","6",303662,2011
"39131","7",106,2011
"39133","1",52725,2011
"39133","2",256548,2011
"39133","3",2153,2011
"39133","4",550705,2011
"39133","5",73456,2011
"39133","6",472559,2011
"39133","7",42411,2011
"39135","1",6177,2011
"39135","2",100739,2011
"39135","3",120,2011
"39135","4",170398,2011
"39135","5",11250,2011
"39135","6",936025,2011
"39135","7",2545,2011
"39137","1",5779,2011
"39137","2",111675,2011
"39137","3",1678,2011
"39137","4",44210,2011
"39137","5",12803,2011
"39137","6",1212368,2011
"39137","7",5181,2011
"39139","1",13803,2011
"39139","2",205091,2011
"39139","3",209,2011
"39139","4",479241,2011
"39139","5",12857,2011
"39139","6",720386,2011
"39139","7",7520,2011
"39141","1",14860,2011
"39141","2",138917,2011
"39141","3",1952,2011
"39141","4",895730,2011
"39141","5",90552,2011
"39141","6",851339,2011
"39141","7",1015,2011
"39143","1",26748,2011
"39143","2",140851,2011
"39143","3",8505,2011
"39143","4",73155,2011
"39143","5",13283,2011
"39143","6",895221,2011
"39143","7",44305,2011
"39145","1",13461,2011
"39145","2",142305,2011
"39145","3",2539,2011
"39145","4",1148714,2011
"39145","5",121916,2011
"39145","6",343243,2011
"39145","7",947,2011
"39147","1",6786,2011
"39147","2",143290,2011
"39147","3",5161,2011
"39147","4",127488,2011
"39147","5",12966,2011
"39147","6",1292365,2011
"39147","7",2746,2011
"39149","1",8154,2011
"39149","2",113185,2011
"39149","3",499,2011
"39149","4",101350,2011
"39149","5",20335,2011
"39149","6",935958,2011
"39149","7",2389,2011
"39151","1",20502,2011
"39151","2",530746,2011
"39151","3",9647,2011
"39151","4",389431,2011
"39151","5",34758,2011
"39151","6",671469,2011
"39151","7",14225,2011
"39153","1",23383,2011
"39153","2",683756,2011
"39153","3",1458,2011
"39153","4",343279,2011
"39153","5",30546,2011
"39153","6",94589,2011
"39153","7",32035,2011
"39155","1",59749,2011
"39155","2",361364,2011
"39155","3",1632,2011
"39155","4",596453,2011
"39155","5",93189,2011
"39155","6",574101,2011
"39155","7",145409,2011
"39157","1",22369,2011
"39157","2",185379,2011
"39157","3",15503,2011
"39157","4",858571,2011
"39157","5",41034,2011
"39157","6",509006,2011
"39157","7",12628,2011
"39159","1",4636,2011
"39159","2",113950,2011
"39159","3",1189,2011
"39159","4",93602,2011
"39159","5",13673,2011
"39159","6",1028600,2011
"39159","7",1576,2011
"39161","1",2373,2011
"39161","2",101432,2011
"39161","3",291,2011
"39161","4",34281,2011
"39161","5",11131,2011
"39161","6",1030172,2011
"39161","7",1414,2011
"39163","1",5279,2011
"39163","2",73889,2011
"39163","3",7773,2011
"39163","4",926065,2011
"39163","5",41552,2011
"39163","6",138750,2011
"39163","7",889,2011
"39165","1",20205,2011
"39165","2",290219,2011
"39165","3",975,2011
"39165","4",324918,2011
"39165","5",17629,2011
"39165","6",516175,2011
"39165","7",2038,2011
"39167","1",18741,2011
"39167","2",178926,2011
"39167","3",1765,2011
"39167","4",1208186,2011
"39167","5",17108,2011
"39167","6",416928,2011
"39167","7",129,2011
"39169","1",13504,2011
"39169","2",212472,2011
"39169","3",466,2011
"39169","4",254497,2011
"39169","5",14283,2011
"39169","6",1089217,2011
"39169","7",17925,2011
"39171","1",7010,2011
"39171","2",112052,2011
"39171","3",1836,2011
"39171","4",59376,2011
"39171","5",3553,2011
"39171","6",956301,2011
"39171","7",77439,2011
"39173","1",12758,2011
"39173","2",258854,2011
"39173","3",4970,2011
"39173","4",68500,2011
"39173","5",17726,2011
"39173","6",1416562,2011
"39173","7",6258,2011
"39175","1",9124,2011
"39175","2",89579,2011
"39175","3",4743,2011
"39175","4",97557,2011
"39175","5",22056,2011
"39175","6",941356,2011
"39175","7",8440,2011
"42007","1",25624,2011
"42007","2",292914,2011
"42007","3",4429,2011
"42007","4",731908,2011
"42007","5",20786,2011
"42007","6",199169,2011
"42007","7",3038,2011
"42039","1",106222,2011
"42039","2",223482,2011
"42039","3",1093,2011
"42039","4",1464997,2011
"42039","5",78130,2011
"42039","6",966181,2011
"42039","7",145619,2011
"42049","1",2173046,2011
"42049","2",347290,2011
"42049","3",5483,2011
"42049","4",924238,2011
"42049","5",66013,2011
"42049","6",782309,2011
"42049","7",177574,2011
"42049","0",8261,2011
"42073","1",14045,2011
"42073","2",178719,2011
"42073","3",4327,2011
"42073","4",440649,2011
"42073","5",26842,2011
"42073","6",366556,2011
"42073","7",12662,2011
"42085","1",44464,2011
"42085","2",241525,2011
"42085","3",1075,2011
"42085","4",855135,2011
"42085","5",54998,2011
"42085","6",739229,2011
"42085","7",27952,2011
"54009","1",9915,2011
"54009","2",42775,2011
"54009","3",951,2011
"54009","4",171736,2011
"54009","5",7382,2011
"54009","6",33320,2011
"54009","7",317,2011
"54011","1",20132,2011
"54011","2",122985,2011
"54011","3",897,2011
"54011","4",590566,2011
"54011","5",22892,2011
"54011","6",70401,2011
"54011","7",982,2011
"54029","1",15478,2011
"54029","2",47646,2011
"54029","3",365,2011
"54029","4",155189,2011
"54029","5",6844,2011
"54029","6",27553,2011
"54029","7",56,2011
"54035","1",21806,2011
"54035","2",104956,2011
"54035","3",770,2011
"54035","4",1009798,2011
"54035","5",8635,2011
"54035","6",210720,2011
"54035","7",578,2011
"54051","1",20872,2011
"54051","2",80382,2011
"54051","3",2975,2011
"54051","4",662144,2011
"54051","5",19195,2011
"54051","6",112083,2011
"54051","7",664,2011
"54053","1",41070,2011
"54053","2",98978,2011
"54053","3",1895,2011
"54053","4",860955,2011
"54053","5",20828,2011
"54053","6",254665,2011
"54053","7",1383,2011
"54069","1",8765,2011
"54069","2",65633,2011
"54069","3",2030,2011
"54069","4",181483,2011
"54069","5",6357,2011
"54069","6",49455,2011
"54069","7",19,2011
"54073","1",14938,2011
"54073","2",30903,2011
"54073","3",417,2011
"54073","4",314220,2011
"54073","5",3265,2011
"54073","6",23299,2011
"54073","7",151,2011
"54095","1",12201,2011
"54095","2",38938,2011
"54095","3",75,2011
"54095","4",624378,2011
"54095","5",4165,2011
"54095","6",70435,2011
"54095","7",73,2011
"54099","1",18523,2011
"54099","2",128751,2011
"54099","3",5614,2011
"54099","4",1190875,2011
"54099","5",80358,2011
"54099","6",49111,2011
"54099","7",533,2011
"54103","1",8032,2011
"54103","2",63231,2011
"54103","3",628,2011
"54103","4",926735,2011
"54103","5",6916,2011
"54103","6",34187,2011
"54103","7",105,2011
"54107","1",30562,2011
"54107","2",160191,2011
"54107","3",622,2011
"54107","4",721291,2011
"54107","5",9405,2011
"54107","6",161909,2011
"54107","7",257,2011
